school_name,school_number,covid.agg.enroll,covid.agg.attend,covid.avg,district_number,district_name,1819.agg.attend,1819.agg.enroll,1819.avg,minority,poverty,title_i,school_type,grade
ANNABEL C. PERRY PK-8,1631,7381,6667,90.32651402249017,6,BROWARD,124508,131620,94.5965658714481,High Minority,High Poverty,Title I,Combination School,B
APOLLO MIDDLE,1791,15320,14050,91.71018276762402,6,BROWARD,237032,250084,94.78095359959053,Mid-Range Minority,Mid-Range Poverty,Title I,Middle School,B
ATLANTIC TECHNICAL HIGH,2221,6622,6361,96.05859257022048,6,BROWARD,119041,123474,96.40977047799537,Mid-Range Minority,Mid-Range Poverty,Non-Title I,High School,A
ATLANTIC WEST ELEMENTARY,2511,6748,6071,89.96739774748073,6,BROWARD,120886,128444,94.11572358381864,High Minority,Mid-Range Poverty,Title I,Elementary School,C or below
ATTUCKS MIDDLE,343,9040,8165,90.320796460177,6,BROWARD,136578,143403,95.24068534131085,Mid-Range Minority,Mid-Range Poverty,Title I,Middle School,B
BAIR MIDDLE,2611,10263,9236,89.99317938224691,6,BROWARD,153586,162920,94.27080775840903,Mid-Range Minority,Mid-Range Poverty,Title I,Middle School,B
BANYAN ELEMENTARY,2001,5784,5318,91.94329183955739,6,BROWARD,102749,108188,94.97264021887824,High Minority,Mid-Range Poverty,Title I,Elementary School,B
BAYVIEW ELEMENTARY,641,6167,5966,96.74071671801524,6,BROWARD,100343,104703,95.83584042482069,Low Minority,Low Poverty,Non-Title I,Elementary School,A
BEACHSIDE MONTESSORI VILLAGE,2041,7832,7768,99.18283963227783,6,BROWARD,135161,141186,95.73257971753574,Mid-Range Minority,Low Poverty,Non-Title I,Combination School,A
BENNETT ELEMENTARY,201,2992,2666,89.1042780748663,6,BROWARD,63438,68278,92.91133307946923,Mid-Range Minority,Mid-Range Poverty,Title I,Elementary School,C or below
BLANCHE ELY HIGH,361,21149,17368,82.12208615064543,6,BROWARD,329036,357463,92.04756855954322,High Minority,Mid-Range Poverty,Non-Title I,High School,C or below
BOULEVARD HEIGHTS ELEMENTARY,971,6842,6404,93.59836305173926,6,BROWARD,114670,122048,93.95483744100682,High Minority,Mid-Range Poverty,Title I,Elementary School,B
BOYD H. ANDERSON HIGH,1741,18722,14892,79.54278389060998,6,BROWARD,291515,301881,96.56619661389753,High Minority,Mid-Range Poverty,Non-Title I,High School,C or below
BROADVIEW ELEMENTARY,811,7425,6800,91.58249158249158,6,BROWARD,137369,146354,93.86077592686226,High Minority,High Poverty,Title I,Elementary School,B
BROWARD ESTATES ELEMENTARY,501,3608,3149,87.27827050997783,6,BROWARD,64150,68341,93.86751730293675,High Minority,High Poverty,Title I,Elementary School,B
C. ROBERT MARKHAM ELEMENTARY,1671,5526,4764,86.21064060803475,6,BROWARD,102679,109296,93.94579856536379,High Minority,High Poverty,Title I,Elementary School,C or below
CASTLE HILL ELEMENTARY,1461,5742,4897,85.2838732149077,6,BROWARD,104000,110995,93.69791432046488,High Minority,High Poverty,Title I,Elementary School,C or below
CENTRAL PARK ELEMENTARY,2641,9141,8990,98.34810195821026,6,BROWARD,149847,156575,95.70301772313587,Mid-Range Minority,Low Poverty,Non-Title I,Elementary School,A
CHALLENGER ELEMENTARY,3771,10021,9417,93.97265741941922,6,BROWARD,176270,185840,94.85040895393887,Mid-Range Minority,Mid-Range Poverty,Title I,Elementary School,A
CHAPEL TRAIL ELEMENTARY,2961,9031,8849,97.98471930018823,6,BROWARD,140049,146908,95.33109156751163,Mid-Range Minority,Mid-Range Poverty,Non-Title I,Elementary School,A
CHARLES DREW ELEMENTARY,3221,5489,4186,76.26161413736564,6,BROWARD,88832,96538,92.01765108040357,High Minority,High Poverty,Title I,Elementary School,C or below
CHARLES W. FLANAGAN HIGH,3391,26282,24401,92.8430104253862,6,BROWARD,421386,453859,92.84513472245786,Mid-Range Minority,Mid-Range Poverty,Non-Title I,High School,A
COCONUT CREEK ELEMENTARY,1421,6666,6210,93.15931593159316,6,BROWARD,108589,114132,95.14334279606071,Mid-Range Minority,Mid-Range Poverty,Title I,Elementary School,C or below
COCONUT CREEK HIGH,1681,18091,15267,84.39002819081311,6,BROWARD,241231,267097,90.31587775227726,High Minority,Mid-Range Poverty,Non-Title I,High School,C or below
COCONUT PALM ELEMENTARY,3741,7524,7186,95.5077086656034,6,BROWARD,128362,135376,94.81887483748966,High Minority,Mid-Range Poverty,Title I,Elementary School,C or below
COLBERT ELEMENTARY,231,6820,6073,89.04692082111437,6,BROWARD,117858,125243,94.10346286818425,High Minority,Mid-Range Poverty,Title I,Elementary School,C or below
COLLINS ELEMENTARY,331,3322,2936,88.38049367850692,6,BROWARD,62460,67013,93.20579589034963,High Minority,High Poverty,Title I,Elementary School,C or below
COOPER CITY ELEMENTARY,1211,8319,8103,97.40353407861522,6,BROWARD,128332,134099,95.699445931737,Mid-Range Minority,Mid-Range Poverty,Non-Title I,Elementary School,A
COOPER CITY HIGH,1931,25121,23222,92.44058755622785,6,BROWARD,388804,418179,92.9754961392131,Mid-Range Minority,Low Poverty,Non-Title I,High School,A
CORAL COVE ELEMENTARY,2011,6688,6505,97.26375598086125,6,BROWARD,115343,120421,95.78312752759071,High Minority,Mid-Range Poverty,Title I,Elementary School,B
CORAL GLADES HIGH,3861,26543,23718,89.35689258938326,6,BROWARD,399151,432699,92.246804360537,Mid-Range Minority,Mid-Range Poverty,Non-Title I,High School,B
CORAL PARK ELEMENTARY,3041,6094,5842,95.86478503446013,6,BROWARD,103721,109577,94.65581280743221,Mid-Range Minority,Mid-Range Poverty,Title I,Elementary School,A
CORAL SPRINGS HIGH,1151,28339,25063,88.43995906701014,6,BROWARD,458107,495820,92.39381227058206,Mid-Range Minority,Mid-Range Poverty,Non-Title I,High School,C or below
CORAL SPRINGS MIDDLE,2561,12793,12122,94.7549441100602,6,BROWARD,197587,208508,94.76231127822433,Mid-Range Minority,Mid-Range Poverty,Title I,Middle School,B
CORAL SPRINGS PK-8,2551,6584,5621,85.37363304981774,6,BROWARD,115333,123596,93.31450856014757,Mid-Range Minority,Mid-Range Poverty,Title I,Combination School,C or below
COUNTRY HILLS ELEMENTARY,3111,9471,9081,95.88216661387393,6,BROWARD,146486,154077,95.07324259947949,Mid-Range Minority,Low Poverty,Non-Title I,Elementary School,A
COUNTRY ISLES ELEMENTARY,2981,10294,10031,97.44511365844181,6,BROWARD,169464,178901,94.7250155113722,Mid-Range Minority,Low Poverty,Non-Title I,Elementary School,A
CRESTHAVEN ELEMENTARY,901,5368,4788,89.19523099850969,6,BROWARD,99676,106952,93.19694816366221,High Minority,Mid-Range Poverty,Title I,Elementary School,C or below
CROISSANT PARK ELEMENTARY,221,8041,7016,87.25282925009327,6,BROWARD,129797,140096,92.64861238008223,Mid-Range Minority,Mid-Range Poverty,Title I,Elementary School,C or below
CROSS CREEK SCHOOL,3222,1685,1099,65.22255192878337,6,BROWARD,22163,26363,84.06858096574746,Mid-Range Minority,Mid-Range Poverty,Non-Title I,Combination School,Improvement Plan
CRYSTAL LAKE MIDDLE,1871,14746,12459,84.49070934490709,6,BROWARD,243036,254167,95.62059590741521,Mid-Range Minority,Mid-Range Poverty,Title I,Middle School,C or below
CYPRESS BAY HIGH,3623,52135,49737,95.40040280042199,6,BROWARD,825284,862787,95.65327247628905,Mid-Range Minority,Low Poverty,Non-Title I,High School,A
CYPRESS ELEMENTARY,1781,7560,6400,84.65608465608466,6,BROWARD,129119,139422,92.61020498916957,High Minority,High Poverty,Title I,Elementary School,B
CYPRESS RUN ALTERNATIVE CENTER,2123,1775,1122,63.2112676056338,6,BROWARD,18458,22571,81.77750210447033,High Minority,High Poverty,Non-Title I,Combination School,Improvement Plan
DANIA ELEMENTARY,101,4927,4178,84.79805155266897,6,BROWARD,79761,84945,93.89722761787039,Mid-Range Minority,Mid-Range Poverty,Title I,Elementary School,A
DAVE THOMAS EDUCATION CENTER WEST,3651,5889,2987,50.72168449651894,6,BROWARD,98330,125859,78.1271104966669,High Minority,Mid-Range Poverty,Non-Title I,Combination School,Improvement Plan
DAVIE ELEMENTARY,2801,8344,7637,91.5268456375839,6,BROWARD,126265,134758,93.69759123762597,Mid-Range Minority,Mid-Range Poverty,Title I,Elementary School,C or below
DEERFIELD BEACH ELEMENTARY,11,6377,5775,90.55982436882547,6,BROWARD,100717,106938,94.18261048457985,Mid-Range Minority,Mid-Range Poverty,Title I,Elementary School,C or below
DEERFIELD BEACH HIGH,1711,26007,21489,82.62775406621294,6,BROWARD,395412,432199,91.48841158818044,Mid-Range Minority,Mid-Range Poverty,Non-Title I,High School,C or below
DEERFIELD BEACH MIDDLE,911,13443,11299,84.05117905229488,6,BROWARD,204432,214245,95.41972974865224,Mid-Range Minority,Mid-Range Poverty,Title I,Middle School,C or below
DEERFIELD PARK ELEMENTARY,391,5995,4905,81.81818181818183,6,BROWARD,106495,112743,94.45819252636527,High Minority,High Poverty,Title I,Elementary School,C or below
DILLARD 6-12,371,24055,19601,81.48409893992932,6,BROWARD,358385,396267,90.44028394996303,High Minority,Mid-Range Poverty,Title I,Combination School,C or below
DILLARD ELEMENTARY,271,7931,5934,74.8203253057622,6,BROWARD,142317,153354,92.80292656207206,High Minority,High Poverty,Title I,Elementary School,C or below
DISCOVERY ELEMENTARY,3962,10032,9584,95.53429027113238,6,BROWARD,168734,175959,95.89392983592768,High Minority,Mid-Range Poverty,Title I,Elementary School,B
DOLPHIN BAY ELEMENTARY,3751,7018,6823,97.22143060701055,6,BROWARD,119505,125314,95.36444451537737,High Minority,Mid-Range Poverty,Title I,Elementary School,A
"DR. MARTIN LUTHER KING, JR. MONTESSORI ACADEMY",1611,4353,3266,75.02871582816448,6,BROWARD,82633,88348,93.53126273373478,High Minority,High Poverty,Title I,Elementary School,C or below
DRIFTWOOD ELEMENTARY,721,6380,5656,88.65203761755485,6,BROWARD,109859,116297,94.46417362442712,High Minority,Mid-Range Poverty,Title I,Elementary School,B
DRIFTWOOD MIDDLE,861,15202,13889,91.36297855545324,6,BROWARD,235032,248327,94.64617218425705,Mid-Range Minority,Mid-Range Poverty,Title I,Middle School,C or below
EAGLE POINT ELEMENTARY,3461,14435,14184,98.26117076550051,6,BROWARD,244453,255096,95.82784520337442,Mid-Range Minority,Low Poverty,Non-Title I,Elementary School,A
EAGLE RIDGE ELEMENTARY,3441,9647,9406,97.50181403545145,6,BROWARD,148393,155431,95.47194575084764,Mid-Range Minority,Low Poverty,Non-Title I,Elementary School,A
EMBASSY CREEK ELEMENTARY,3191,13777,13653,99.09994919068012,6,BROWARD,214849,223631,96.07299524663397,Mid-Range Minority,Low Poverty,Non-Title I,Elementary School,A
ENDEAVOUR PRIMARY LEARNING CENTER,3301,3586,2665,74.31678750697156,6,BROWARD,67586,72426,93.31731698561289,High Minority,High Poverty,Title I,Elementary School,C or below
EVERGLADES ELEMENTARY,2942,11314,11138,98.4444051617465,6,BROWARD,177515,185967,95.45510762662192,Mid-Range Minority,Low Poverty,Non-Title I,Elementary School,A
EVERGLADES HIGH,3731,24214,22411,92.55389444123234,6,BROWARD,386343,418774,92.25572743293519,High Minority,Mid-Range Poverty,Non-Title I,High School,A
FAIRWAY ELEMENTARY,1641,6589,5943,90.19578084686599,6,BROWARD,120734,129342,93.34477586553479,High Minority,Mid-Range Poverty,Title I,Elementary School,C or below
FALCON COVE MIDDLE,3622,26112,25621,98.11963848039215,6,BROWARD,398803,416976,95.64171559034574,Mid-Range Minority,Low Poverty,Non-Title I,Middle School,A
FLAMINGO ELEMENTARY,2541,7335,6789,92.5562372188139,6,BROWARD,114359,121588,94.05451195841695,Mid-Range Minority,Mid-Range Poverty,Title I,Elementary School,B
FLORANADA ELEMENTARY,851,7535,7275,96.54943596549435,6,BROWARD,127997,134252,95.34085153293805,Mid-Range Minority,Mid-Range Poverty,Title I,Elementary School,A
FOREST GLEN MIDDLE,3051,14356,13532,94.26023962106437,6,BROWARD,231463,243162,95.18880417170446,Mid-Range Minority,Mid-Range Poverty,Title I,Middle School,B
FOREST HILLS ELEMENTARY,2631,6754,6367,94.27006218537163,6,BROWARD,123918,131464,94.26002555832775,Mid-Range Minority,Mid-Range Poverty,Title I,Elementary School,A
FORT LAUDERDALE HIGH,951,23425,20785,88.7299893276414,6,BROWARD,351791,379180,92.77678147581624,Mid-Range Minority,Mid-Range Poverty,Non-Title I,High School,A
FOX TRAIL ELEMENTARY,3531,12738,12295,96.52221698853823,6,BROWARD,209490,219737,95.33669796165415,Mid-Range Minority,Mid-Range Poverty,Non-Title I,Elementary School,A
GATOR RUN ELEMENTARY,3642,14001,13849,98.91436325976716,6,BROWARD,229674,240735,95.40532120381332,Mid-Range Minority,Low Poverty,Non-Title I,Elementary School,A
GLADES MIDDLE,2021,16295,15696,96.32402577477754,6,BROWARD,240301,248919,96.53782957508265,High Minority,Mid-Range Poverty,Non-Title I,Middle School,A
GRIFFIN ELEMENTARY,2851,6952,6791,97.68411967779056,6,BROWARD,108962,114603,95.07779028472204,Mid-Range Minority,Low Poverty,Non-Title I,Elementary School,A
GULFSTREAM ACADEMY OF HALLANDALE BEACH,131,16162,14008,86.67244152951368,6,BROWARD,273211,287897,94.89887008200849,High Minority,Mid-Range Poverty,Title I,Combination School,B
HALLANDALE HIGH,403,12470,10351,83.00721732157177,6,BROWARD,197494,216576,91.18923611111111,High Minority,Mid-Range Poverty,Non-Title I,High School,C or below
HARBORDALE ELEMENTARY,491,5687,5471,96.20186390012309,6,BROWARD,84774,88958,95.29665684929967,Mid-Range Minority,Low Poverty,Non-Title I,Elementary School,A
HAWKES BLUFF ELEMENTARY,3131,8536,8373,98.0904404873477,6,BROWARD,149298,156562,95.36030454388677,Mid-Range Minority,Low Poverty,Non-Title I,Elementary School,A
HENRY D. PERRY EDUCATION CENTER,6501,18159,9909,54.567982818437144,6,BROWARD,164556,298024,55.21568732719513,Mid-Range Minority,Mid-Range Poverty,Non-Title I,Combination School,Improvement Plan
HERON HEIGHTS ELEMENTARY,3961,12507,12343,98.68873430878708,6,BROWARD,194628,204385,95.22616630378941,Low Minority,Low Poverty,Non-Title I,Elementary School,A
HOLLYWOOD CENTRAL ELEMENTARY,121,4411,3848,87.23645431874859,6,BROWARD,74086,79582,93.09391570958256,Mid-Range Minority,Mid-Range Poverty,Title I,Elementary School,C or below
HOLLYWOOD HILLS ELEMENTARY,111,8108,7894,97.36063147508634,6,BROWARD,127059,133506,95.17100355040223,Mid-Range Minority,Mid-Range Poverty,Non-Title I,Elementary School,B
HOLLYWOOD HILLS HIGH,1661,20042,16700,83.32501746332701,6,BROWARD,304380,335313,90.77488794052124,Mid-Range Minority,Mid-Range Poverty,Non-Title I,High School,C or below
HOLLYWOOD PARK ELEMENTARY,1761,4928,4505,91.4163961038961,6,BROWARD,84522,90882,93.00191457054203,High Minority,Mid-Range Poverty,Title I,Elementary School,B
HORIZON ELEMENTARY,2531,5808,5372,92.4931129476584,6,BROWARD,99675,105996,94.03656741763841,High Minority,Mid-Range Poverty,Title I,Elementary School,C or below
INDIAN RIDGE MIDDLE,3471,21874,20988,95.94952912133125,6,BROWARD,338449,357537,94.66125184246665,Mid-Range Minority,Mid-Range Poverty,Non-Title I,Middle School,A
INDIAN TRACE ELEMENTARY,3181,7524,7418,98.59117490696438,6,BROWARD,124338,130802,95.05817953853916,Mid-Range Minority,Low Poverty,Non-Title I,Elementary School,A
J.P. TARAVELLA HIGH,2751,30181,27753,91.955203604917,6,BROWARD,511139,547509,93.35718682249973,Mid-Range Minority,Mid-Range Poverty,Non-Title I,High School,C or below
JAMES S. HUNT ELEMENTARY,1971,6072,5604,92.29249011857708,6,BROWARD,107364,113490,94.6021675918583,High Minority,Mid-Range Poverty,Title I,Elementary School,B
JAMES S. RICKARDS MIDDLE,2121,10682,9398,87.97977906759033,6,BROWARD,152568,161048,94.73448909641846,Mid-Range Minority,Mid-Range Poverty,Title I,Middle School,C or below
LAKE FOREST ELEMENTARY,831,6701,6164,91.9862707058648,6,BROWARD,124481,132053,94.26593867613761,High Minority,Mid-Range Poverty,Title I,Elementary School,C or below
LAKESIDE ELEMENTARY,3591,7429,7215,97.11939695786782,6,BROWARD,130456,137121,95.1393294973053,Mid-Range Minority,Mid-Range Poverty,Non-Title I,Elementary School,A
LANIER-JAMES EDUCATION CENTER,405,1393,929,66.69059583632449,6,BROWARD,17742,22245,79.75724881995954,High Minority,Mid-Range Poverty,Non-Title I,Combination School,Improvement Plan
LARKDALE ELEMENTARY,621,4070,3208,78.82063882063882,6,BROWARD,69625,75113,92.6936748632061,High Minority,High Poverty,Title I,Elementary School,C or below
LAUDERDALE LAKES MIDDLE,1701,9724,7623,78.39366515837104,6,BROWARD,150152,156965,95.6595419361004,High Minority,High Poverty,Title I,Middle School,C or below
LAUDERHILL 6-12,1391,8961,7307,81.54223858944314,6,BROWARD,148184,157332,94.18554394528768,High Minority,High Poverty,Title I,Combination School,C or below
LAUDERHILL PAUL TURNER ELEMENTARY,1381,6105,5254,86.06060606060606,6,BROWARD,116013,124013,93.54906340464306,High Minority,High Poverty,Title I,Elementary School,C or below
LIBERTY ELEMENTARY,3821,10459,9490,90.73525193613156,6,BROWARD,165184,175751,93.987516429494,Mid-Range Minority,Mid-Range Poverty,Title I,Elementary School,C or below
LLOYD ESTATES ELEMENTARY,1091,5759,4806,83.45198819239451,6,BROWARD,93374,98749,94.55690690538638,High Minority,High Poverty,Title I,Elementary School,C or below
LYONS CREEK MIDDLE,3101,21208,20345,95.93078083741983,6,BROWARD,336309,352400,95.4338819523269,Mid-Range Minority,Mid-Range Poverty,Title I,Middle School,A
MANATEE BAY ELEMENTARY,3841,13347,13048,97.7597962088859,6,BROWARD,208182,218908,95.10022475195059,Mid-Range Minority,Low Poverty,Non-Title I,Elementary School,A
MAPLEWOOD ELEMENTARY,2741,7480,7197,96.21657754010695,6,BROWARD,128302,136381,94.07615430301874,Mid-Range Minority,Mid-Range Poverty,Title I,Elementary School,B
MARGATE ELEMENTARY,1161,10527,9941,94.43336183148095,6,BROWARD,174433,185713,93.92611179615858,Mid-Range Minority,Mid-Range Poverty,Title I,Elementary School,B
MARGATE MIDDLE,581,13915,12749,91.6205533596838,6,BROWARD,210103,219329,95.79353391480379,Mid-Range Minority,Mid-Range Poverty,Title I,Middle School,B
MARJORY STONEMAN DOUGLAS HIGH,3011,34925,32984,94.44237652111667,6,BROWARD,551409,589963,93.46501390765184,Mid-Range Minority,Low Poverty,Non-Title I,High School,A
MARY M. BETHUNE ELEMENTARY,341,4059,3417,84.18329637841833,6,BROWARD,74535,79107,94.2204861769502,High Minority,High Poverty,Title I,Elementary School,C or below
MCARTHUR HIGH,241,21339,18815,88.17189184122968,6,BROWARD,334725,364973,91.7122636468999,High Minority,Mid-Range Poverty,Non-Title I,High School,B
MCNAB ELEMENTARY,841,6971,6551,93.97503944914646,6,BROWARD,105937,112545,94.12857079390466,Mid-Range Minority,Mid-Range Poverty,Title I,Elementary School,A
MCNICOL MIDDLE,481,8811,7789,88.40086255816593,6,BROWARD,129898,133995,96.94242322474719,High Minority,Mid-Range Poverty,Title I,Middle School,C or below
MEADOWBROOK ELEMENTARY,761,7568,6630,87.60570824524314,6,BROWARD,121396,130185,93.24883819180397,High Minority,High Poverty,Title I,Elementary School,C or below
MILLENNIUM 6-12 COLLEGIATE ACADEMY,4772,16962,15900,93.7389458790237,6,BROWARD,281754,294067,95.81285897431538,Mid-Range Minority,Mid-Range Poverty,Title I,Combination School,B
MIRAMAR ELEMENTARY,531,5423,4957,91.40697031163563,6,BROWARD,103942,110029,94.46782211962301,High Minority,Mid-Range Poverty,Title I,Elementary School,C or below
MIRAMAR HIGH,1751,23664,21007,88.77197430696417,6,BROWARD,390451,426251,91.60119272447454,High Minority,Mid-Range Poverty,Non-Title I,High School,C or below
MIRROR LAKE ELEMENTARY,1841,6237,5895,94.51659451659452,6,BROWARD,116087,123449,94.0364036970733,High Minority,Mid-Range Poverty,Title I,Elementary School,B
MONARCH HIGH,3541,25468,22886,89.86178734097692,6,BROWARD,393753,430525,91.45880030195691,Mid-Range Minority,Mid-Range Poverty,Non-Title I,High School,B
MORROW ELEMENTARY,2691,4499,4005,89.01978217381641,6,BROWARD,89373,95699,93.38969059237819,High Minority,High Poverty,Title I,Elementary School,C or below
NEW RENAISSANCE MIDDLE,3911,13641,12251,89.81013122205117,6,BROWARD,205370,216602,94.81445231345971,High Minority,Mid-Range Poverty,Title I,Middle School,C or below
NEW RIVER MIDDLE,881,17765,15994,90.03095975232198,6,BROWARD,269486,285537,94.37866195974603,Mid-Range Minority,Mid-Range Poverty,Title I,Middle School,C or below
NOB HILL ELEMENTARY,2671,6737,6338,94.07748255900252,6,BROWARD,110203,116988,94.20025985571169,Mid-Range Minority,Mid-Range Poverty,Title I,Elementary School,C or below
NORCREST ELEMENTARY,561,7656,6883,89.90334378265413,6,BROWARD,131155,138626,94.61067909338796,Mid-Range Minority,Mid-Range Poverty,Title I,Elementary School,C or below
NORTH ANDREWS GARDENS ELEMENTARY,521,9427,9084,96.36151479792086,6,BROWARD,148160,156296,94.79449250140759,Mid-Range Minority,Mid-Range Poverty,Title I,Elementary School,B
NORTH FORK ELEMENTARY,1191,4178,2947,70.53614169459071,6,BROWARD,74575,80144,93.05125773607507,High Minority,High Poverty,Title I,Elementary School,C or below
NORTH LAUDERDALE PK-8,2231,7788,6265,80.44427324088342,6,BROWARD,131991,140498,93.94510953892582,High Minority,High Poverty,Title I,Combination School,C or below
NORTH SIDE ELEMENTARY,41,3475,2765,79.56834532374101,6,BROWARD,63970,67144,95.27284641963541,High Minority,High Poverty,Title I,Elementary School,C or below
NORTHEAST HIGH,1241,16688,13978,83.7607861936721,6,BROWARD,276033,290754,94.93695701520873,Mid-Range Minority,Mid-Range Poverty,Non-Title I,High School,C or below
NOVA BLANCHE FORMAN ELEMENTARY,1282,8349,7926,94.93352497305067,6,BROWARD,131642,137500,95.73963636363636,Mid-Range Minority,Mid-Range Poverty,Title I,Elementary School,A
NOVA DWIGHT D. EISENHOWER ELEMENTARY,1271,8283,8029,96.9334782083786,6,BROWARD,131522,137673,95.53216680104305,Mid-Range Minority,Mid-Range Poverty,Title I,Elementary School,C or below
NOVA HIGH,1281,23056,21603,93.69795281054823,6,BROWARD,375144,394945,94.98639051007102,Mid-Range Minority,Mid-Range Poverty,Non-Title I,High School,A
NOVA MIDDLE,1311,13772,13252,96.22422306128377,6,BROWARD,220624,230625,95.66352303523036,Mid-Range Minority,Mid-Range Poverty,Title I,Middle School,B
OAKLAND PARK ELEMENTARY,31,6050,5095,84.21487603305785,6,BROWARD,104462,111099,94.02604883932348,High Minority,High Poverty,Title I,Elementary School,C or below
OAKRIDGE ELEMENTARY,461,4895,4303,87.90602655771195,6,BROWARD,88854,95871,92.68078981130895,High Minority,Mid-Range Poverty,Title I,Elementary School,C or below
OLSEN MIDDLE,471,7131,6005,84.2097882484925,6,BROWARD,111611,119222,93.61611112043079,Mid-Range Minority,Mid-Range Poverty,Title I,Middle School,C or below
ORANGE BROOK ELEMENTARY,711,7359,6300,85.60945780676722,6,BROWARD,119460,126690,94.29315652379825,High Minority,Mid-Range Poverty,Title I,Elementary School,C or below
ORIOLE ELEMENTARY,1831,6490,5331,82.14175654853621,6,BROWARD,112094,120499,93.02483838040149,High Minority,High Poverty,Title I,Elementary School,C or below
PALM COVE ELEMENTARY,3311,5445,5033,92.4334251606979,6,BROWARD,101149,107478,94.11135302108339,High Minority,Mid-Range Poverty,Title I,Elementary School,B
PALMVIEW ELEMENTARY,1131,6479,5570,85.97005710757834,6,BROWARD,105556,111797,94.41756039965294,High Minority,High Poverty,Title I,Elementary School,C or below
PANTHER RUN ELEMENTARY,3571,5411,5306,98.05950840879689,6,BROWARD,95359,100121,95.24375505638177,Mid-Range Minority,Low Poverty,Non-Title I,Elementary School,B
PARK LAKES ELEMENTARY,3761,11022,9074,82.32625657775358,6,BROWARD,173974,185209,93.93388010301875,High Minority,High Poverty,Title I,Elementary School,B
PARK RIDGE ELEMENTARY,1951,6158,4781,77.6388437804482,6,BROWARD,101806,108172,94.11492807750619,High Minority,High Poverty,Title I,Elementary School,C or below
PARK SPRINGS ELEMENTARY,3171,10230,9911,96.88172043010753,6,BROWARD,172498,182151,94.70055064204973,Mid-Range Minority,Mid-Range Poverty,Non-Title I,Elementary School,A
PARK TRAILS ELEMENTARY,3781,12704,12488,98.29974811083123,6,BROWARD,210467,222195,94.72175341479331,Low Minority,Low Poverty,Non-Title I,Elementary School,A
PARKSIDE ELEMENTARY,3631,9741,9159,94.02525408068986,6,BROWARD,147879,155744,94.9500462297103,Mid-Range Minority,Mid-Range Poverty,Title I,Elementary School,B
PARKWAY MIDDLE,701,14466,12189,84.25964330153464,6,BROWARD,246720,258064,95.60419120838242,High Minority,Mid-Range Poverty,Title I,Combination School,C or below
PASADENA LAKES ELEMENTARY,2071,5146,4701,91.35250680139914,6,BROWARD,94166,100847,93.37511279462949,Mid-Range Minority,Mid-Range Poverty,Title I,Elementary School,B
PEMBROKE LAKES ELEMENTARY,2661,8239,8045,97.64534530889671,6,BROWARD,123959,129608,95.64147274859577,Mid-Range Minority,Mid-Range Poverty,Title I,Elementary School,A
PEMBROKE PINES ELEMENTARY,1221,6521,6090,93.39058426621683,6,BROWARD,101979,106712,95.56469750356099,Mid-Range Minority,Mid-Range Poverty,Title I,Elementary School,B
PETERS ELEMENTARY,931,6434,6034,93.78302766552689,6,BROWARD,122740,131234,93.52759193501684,Mid-Range Minority,Mid-Range Poverty,Title I,Elementary School,C or below
PINES LAKES ELEMENTARY,2861,5104,4800,94.04388714733543,6,BROWARD,92189,98716,93.38810324567446,High Minority,Mid-Range Poverty,Title I,Elementary School,B
PINES MIDDLE,1881,9046,8408,92.94715896528852,6,BROWARD,145111,152079,95.41817081911374,High Minority,Mid-Range Poverty,Title I,Middle School,C or below
PINEWOOD ELEMENTARY,2811,6501,5856,90.07844946931242,6,BROWARD,100446,107022,93.85546896899703,High Minority,Mid-Range Poverty,Title I,Elementary School,A
PIONEER MIDDLE,2571,16686,16312,97.75860002397219,6,BROWARD,256718,269457,95.27234401036158,Mid-Range Minority,Low Poverty,Non-Title I,Middle School,A
PIPER HIGH,1901,24427,21546,88.20567404920784,6,BROWARD,388138,419484,92.52748614965053,High Minority,Mid-Range Poverty,Non-Title I,High School,C or below
PLANTATION ELEMENTARY,941,5841,4859,83.18781030645438,6,BROWARD,109055,117028,93.18710052295177,High Minority,High Poverty,Title I,Elementary School,C or below
PLANTATION HIGH,1451,20627,17888,86.72128763271441,6,BROWARD,326004,356547,91.43366793157705,High Minority,Mid-Range Poverty,Non-Title I,High School,C or below
PLANTATION MIDDLE,551,7326,6530,89.13458913458913,6,BROWARD,119820,126023,95.07788260873016,High Minority,Mid-Range Poverty,Title I,Middle School,C or below
PLANTATION PARK ELEMENTARY,1251,6132,5858,95.53163731245922,6,BROWARD,93115,97354,95.64578753826243,Mid-Range Minority,Mid-Range Poverty,Title I,Elementary School,A
POMPANO BEACH ELEMENTARY,751,4895,3980,81.30745658835546,6,BROWARD,84046,89788,93.60493607163541,High Minority,High Poverty,Title I,Elementary School,C or below
POMPANO BEACH HIGH,185,12914,12339,95.54746786433329,6,BROWARD,207656,214190,96.94943741537887,Mid-Range Minority,Mid-Range Poverty,Non-Title I,High School,A
POMPANO BEACH MIDDLE,21,11238,9893,88.03167823456131,6,BROWARD,184299,195516,94.26287362671086,Mid-Range Minority,Mid-Range Poverty,Title I,Middle School,C or below
QUIET WATERS ELEMENTARY,3121,12297,11625,94.5352525006099,6,BROWARD,204660,217481,94.10477237091975,Mid-Range Minority,Mid-Range Poverty,Title I,Elementary School,B
RAMBLEWOOD ELEMENTARY,2721,8493,8185,96.37348404568468,6,BROWARD,149182,158859,93.90843452369711,Mid-Range Minority,Mid-Range Poverty,Title I,Elementary School,B
RAMBLEWOOD MIDDLE,2711,12848,12380,96.3574097135741,6,BROWARD,211253,223286,94.61094739482098,Mid-Range Minority,Mid-Range Poverty,Title I,Middle School,A
RIVERGLADES ELEMENTARY,2891,11891,11712,98.49465982675973,6,BROWARD,184209,194170,94.8699593140032,Mid-Range Minority,Low Poverty,Non-Title I,Elementary School,A
RIVERLAND ELEMENTARY,151,5907,5012,84.84848484848484,6,BROWARD,94501,100921,93.63858859900319,High Minority,High Poverty,Title I,Elementary School,C or below
RIVERSIDE ELEMENTARY,3031,7986,7789,97.53318307037316,6,BROWARD,126572,132236,95.71674884297771,Mid-Range Minority,Low Poverty,Non-Title I,Elementary School,B
ROCK ISLAND ELEMENTARY,3701,5445,4387,80.56932966023875,6,BROWARD,96961,104116,93.12785738983442,High Minority,High Poverty,Title I,Elementary School,C or below
ROYAL PALM ELEMENTARY,1851,7920,6441,81.32575757575758,6,BROWARD,141607,151414,93.52305599218039,High Minority,High Poverty,Title I,Elementary School,C or below
SANDERS PARK ELEMENTARY,891,4796,3812,79.48290241868223,6,BROWARD,85680,93378,91.75608815781018,High Minority,High Poverty,Title I,Elementary School,B
SANDPIPER ELEMENTARY,3061,6303,5976,94.81199428843408,6,BROWARD,106887,112914,94.66230936819173,Mid-Range Minority,Mid-Range Poverty,Title I,Elementary School,B
SAWGRASS ELEMENTARY,3401,10494,10195,97.15075281113018,6,BROWARD,178169,187909,94.81663996934687,Mid-Range Minority,Mid-Range Poverty,Title I,Elementary School,B
SAWGRASS SPRINGS MIDDLE,3431,13539,12958,95.70869340423961,6,BROWARD,205326,216473,94.85062802289431,Mid-Range Minority,Mid-Range Poverty,Title I,Middle School,B
SEA CASTLE ELEMENTARY,2871,8868,8476,95.57961208840776,6,BROWARD,144972,152239,95.22658451513738,High Minority,Mid-Range Poverty,Title I,Elementary School,A
SEAGULL SCHOOL,601,2987,1403,46.97020421827921,6,BROWARD,27976,43128,64.86737154516787,High Minority,Mid-Range Poverty,Non-Title I,High School,Improvement Plan
SEMINOLE MIDDLE,1891,12729,12015,94.39076125382984,6,BROWARD,191321,201887,94.76637921213353,Mid-Range Minority,Mid-Range Poverty,Title I,Middle School,B
SHERIDAN HILLS ELEMENTARY,1811,5143,4874,94.7695897336185,6,BROWARD,89363,94887,94.1783384446763,Mid-Range Minority,Mid-Range Poverty,Title I,Elementary School,A
SHERIDAN PARK ELEMENTARY,1321,6875,6492,94.4290909090909,6,BROWARD,117989,124332,94.89833671138564,Mid-Range Minority,Mid-Range Poverty,Title I,Elementary School,B
SILVER LAKES ELEMENTARY,3371,4290,4146,96.64335664335665,6,BROWARD,71831,75634,94.97183806224714,Mid-Range Minority,Mid-Range Poverty,Non-Title I,Elementary School,A
SILVER LAKES MIDDLE,2971,7691,6605,85.87959953192042,6,BROWARD,119689,126565,94.56721842531506,High Minority,Mid-Range Poverty,Title I,Middle School,C or below
SILVER PALMS ELEMENTARY,3491,5918,5761,97.34707671510645,6,BROWARD,108664,113806,95.481784791663,Mid-Range Minority,Low Poverty,Non-Title I,Elementary School,B
SILVER RIDGE ELEMENTARY,3081,11218,10831,96.55018719914423,6,BROWARD,175707,184791,95.08417617741124,Mid-Range Minority,Mid-Range Poverty,Non-Title I,Elementary School,A
SILVER SHORES ELEMENTARY,3581,3663,3583,97.81599781599782,6,BROWARD,75752,80030,94.6545045607897,High Minority,Mid-Range Poverty,Non-Title I,Elementary School,A
SILVER TRAIL MIDDLE,3331,16552,16195,97.84316094731754,6,BROWARD,252867,264782,95.50007175714362,Mid-Range Minority,Low Poverty,Non-Title I,Middle School,A
SOUTH BROWARD HIGH,171,24407,20847,85.41402056786987,6,BROWARD,369002,406931,90.67925520542795,Mid-Range Minority,Mid-Range Poverty,Non-Title I,High School,C or below
SOUTH PLANTATION HIGH,2351,23854,20948,87.81755680389033,6,BROWARD,368006,397934,92.47915483472133,Mid-Range Minority,Mid-Range Poverty,Non-Title I,High School,C or below
STEPHEN FOSTER ELEMENTARY,921,6886,6033,87.61254719721173,6,BROWARD,117269,124968,93.8392228410473,Mid-Range Minority,Mid-Range Poverty,Title I,Elementary School,C or below
STIRLING ELEMENTARY,691,6072,5504,90.6455862977602,6,BROWARD,101967,108035,94.38330170777989,Mid-Range Minority,Mid-Range Poverty,Title I,Elementary School,B
STRANAHAN HIGH,211,14780,12753,86.28552097428958,6,BROWARD,223723,246289,90.83759323396498,High Minority,Mid-Range Poverty,Non-Title I,High School,C or below
SUNLAND PARK ACADEMY,611,3212,2542,79.14072229140723,6,BROWARD,71724,78482,91.38910833057261,High Minority,High Poverty,Title I,Elementary School,A
SUNRISE MIDDLE,251,14548,12796,87.95710750618642,6,BROWARD,230750,241694,95.47196041275332,Mid-Range Minority,Mid-Range Poverty,Title I,Middle School,B
SUNSET LAKES ELEMENTARY,3661,8311,8116,97.6537119480207,6,BROWARD,154957,161791,95.77603204133727,Mid-Range Minority,Low Poverty,Non-Title I,Elementary School,A
SUNSHINE ELEMENTARY,1171,6050,5662,93.58677685950413,6,BROWARD,101520,106566,95.26490625527842,High Minority,Mid-Range Poverty,Title I,Elementary School,C or below
TAMARAC ELEMENTARY,2621,6937,6481,93.42655326510018,6,BROWARD,124093,132270,93.8179481363877,Mid-Range Minority,Mid-Range Poverty,Title I,Elementary School,C or below
TEDDER ELEMENTARY,571,6058,4897,80.83525916143942,6,BROWARD,100517,106536,94.35026657655628,High Minority,High Poverty,Title I,Elementary School,B
TEQUESTA TRACE MIDDLE,3151,17469,17061,97.66443414047743,6,BROWARD,278314,293721,94.75454598070958,Mid-Range Minority,Low Poverty,Non-Title I,Middle School,A
THE QUEST CENTER,1021,1342,955,71.16244411326379,6,BROWARD,21902,23329,93.8831497278066,Mid-Range Minority,Mid-Range Poverty,Non-Title I,Combination School,Improvement Plan
THURGOOD MARSHALL ELEMENTARY,3291,4219,3454,81.86774117089358,6,BROWARD,73674,78365,94.01390927072035,High Minority,High Poverty,Title I,Elementary School,C or below
TRADEWINDS ELEMENTARY,3481,12910,12147,94.08985282726569,6,BROWARD,213995,225731,94.80089132640178,Mid-Range Minority,Mid-Range Poverty,Title I,Elementary School,B
TROPICAL ELEMENTARY,731,10713,10320,96.33155978717446,6,BROWARD,170761,179817,94.96376872042131,Mid-Range Minority,Mid-Range Poverty,Non-Title I,Elementary School,A
VILLAGE ELEMENTARY,1621,7018,6042,86.09290396124251,6,BROWARD,119116,125795,94.69056798759887,High Minority,High Poverty,Title I,Elementary School,C or below
VIRGINIA SHUMAN YOUNG ELEMENTARY,3321,6677,6509,97.48389995506965,6,BROWARD,116626,122238,95.40895629836875,Mid-Range Minority,Low Poverty,Non-Title I,Elementary School,A
WALKER ELEMENTARY,321,8096,6296,77.76679841897233,6,BROWARD,135290,146211,92.53065774804905,High Minority,High Poverty,Title I,Elementary School,C or below
WALTER C. YOUNG MIDDLE,3001,11670,11293,96.76949443016281,6,BROWARD,192120,200628,95.75931574854955,Mid-Range Minority,Mid-Range Poverty,Non-Title I,Middle School,B
WATKINS ELEMENTARY,511,5541,4871,87.90831979787042,6,BROWARD,90176,96404,93.53968714991079,High Minority,Mid-Range Poverty,Title I,Elementary School,B
WELLEBY ELEMENTARY,2881,7803,7541,96.64231705754197,6,BROWARD,136673,144058,94.87359258076607,Mid-Range Minority,Mid-Range Poverty,Title I,Elementary School,B
WEST BROWARD HIGH,3971,27966,26288,93.99985696917685,6,BROWARD,449121,478921,93.7776794085037,Mid-Range Minority,Low Poverty,Non-Title I,High School,A
WEST HOLLYWOOD ELEMENTARY,161,4873,4178,85.737738559409,6,BROWARD,91689,98006,93.55447625655572,High Minority,High Poverty,Title I,Elementary School,C or below
WESTCHESTER ELEMENTARY,2681,12593,11946,94.86222504566028,6,BROWARD,192691,203839,94.53097787960105,Mid-Range Minority,Mid-Range Poverty,Title I,Elementary School,A
WESTERN HIGH,2831,36687,34024,92.74129800746859,6,BROWARD,554740,598790,92.6434977204028,Mid-Range Minority,Mid-Range Poverty,Non-Title I,High School,A
WESTGLADES MIDDLE,3871,20372,20095,98.64029059493421,6,BROWARD,305204,323175,94.43923570820762,Low Minority,Low Poverty,Non-Title I,Middle School,A
WESTPINE MIDDLE,2052,11422,10753,94.14288215724042,6,BROWARD,174823,182583,95.74987813761413,Mid-Range Minority,Mid-Range Poverty,Title I,Middle School,C or below
WESTWOOD HEIGHTS ELEMENTARY,631,6248,4612,73.8156209987196,6,BROWARD,123588,132805,93.0597492564286,High Minority,High Poverty,Title I,Elementary School,C or below
WHIDDON ROGERS EDUCATION CENTER,452,8391,4073,48.540102490763914,6,BROWARD,122524,166628,73.53145929855727,High Minority,Mid-Range Poverty,Non-Title I,Combination School,Improvement Plan
WHISPERING PINES EXCEPTIONAL EDUCATION CENTER,1752,1483,987,66.55428186109238,6,BROWARD,35191,39577,88.91780579629582,Mid-Range Minority,Mid-Range Poverty,Non-Title I,Combination School,Improvement Plan
WILLIAM DANDY MIDDLE,1071,9801,7960,81.21620242832364,6,BROWARD,170472,173839,98.06315038627696,High Minority,High Poverty,Title I,Middle School,C or below
WILLIAM T. MCFATTER TECHNICAL HIGH,1291,6688,6204,92.76315789473685,6,BROWARD,106202,111249,95.46333000746074,Mid-Range Minority,Mid-Range Poverty,Non-Title I,High School,A
WILTON MANORS ELEMENTARY,191,6303,5773,91.59130572743138,6,BROWARD,103377,108679,95.12141260041038,Mid-Range Minority,Mid-Range Poverty,Title I,Elementary School,A
WINSTON PARK ELEMENTARY,3091,12168,11756,96.61406969099276,6,BROWARD,206255,216995,95.05057720223968,Mid-Range Minority,Mid-Range Poverty,Title I,Elementary School,B
