school_name,school_number,covid.agg.enroll,covid.agg.attend,school_type,grade,charter,alt_schl,minority,poverty,title_i,1819.agg.attend,1819.agg.enroll,1819.avg,covid.avg
ADA MERRITT K-8 CENTER,3191,14022,13581.085999999998,Combination School,A,NO,N,Mid-Range Minority,Low Poverty,Non-Title I,132121,136261,97.0,96.85555555555554
AGENORIA PASCHAL/OLINDA ELE,4071,6426,5275.032,Elementary School,C or below,NO,N,High Minority,Mid-Range Poverty,Title I,66248,71989,92.0,82.08888888888889
AIR BASE K-8,41,20196,19527.287999999997,Combination School,A,NO,N,High Minority,Mid-Range Poverty,Non-Title I,194801,200442,97.2,96.68888888888887
ALONZO & TRACY MOURNING SR,7048,30492,27010.83,High School,B,NO,N,Mid-Range Minority,Mid-Range Poverty,Non-Title I,285337,306704,93.0,88.58333333333334
AMELIA EARHART ELEMENTARY,1521,8244,7596.388,Elementary School,A,NO,N,High Minority,High Poverty,Title I,75686,80544,94.0,92.14444444444445
AMERICAN SENIOR HIGH SCHOOL,7011,36252,32832.227999999996,High School,C or below,NO,N,High Minority,Mid-Range Poverty,Title I,327211,356854,91.7,90.56666666666665
ANDOVER MIDDLE SCHOOL,6023,9396,8264.826000000001,Middle School,C or below,NO,N,High Minority,Mid-Range Poverty,Title I,85197,89233,95.5,87.96111111111112
ARCH CREEK ELEMENTARY SCH,341,9360,8037.64,Elementary School,C or below,NO,N,High Minority,Mid-Range Poverty,Title I,95418,99166,96.2,85.87222222222223
ARCOLA LAKE ELEMENTARY,101,10494,8354.973,Elementary School,C or below,NO,N,High Minority,Mid-Range Poverty,Title I,92945,101487,91.6,79.61666666666667
ARTHUR & POLLY MAYS 6-12,7351,11052,10215.731999999998,Combination School,A,NO,N,High Minority,Mid-Range Poverty,Title I,99144,105347,94.1,92.43333333333331
ARVIDA MIDDLE SCHOOL,6021,25380,24421.200000000004,Middle School,A,NO,N,High Minority,Mid-Range Poverty,Non-Title I,249068,256960,96.9,96.22222222222224
AUBURNDALE ELEMENTARY,121,14328,13490.608,Elementary School,B,NO,N,High Minority,Mid-Range Poverty,Title I,143907,154139,93.4,94.15555555555557
AVENTURA WATERWAYS PREP CTR,231,38016,36366.528000000006,Combination School,A,NO,N,Mid-Range Minority,Low Poverty,Non-Title I,365374,384884,94.9,95.66111111111113
AVOCADO ELEMENTARY,161,11628,10277.859999999997,Elementary School,B,NO,N,High Minority,Mid-Range Poverty,Title I,94582,101411,93.3,88.38888888888886
BANYAN ELEMENTARY,201,5904,5659.312,Elementary School,A,NO,N,High Minority,Mid-Range Poverty,Title I,59548,62789,94.8,95.85555555555555
BARBARA GOLEMAN SENIOR HIGH,7751,42372,38810.39800000001,High School,A,NO,N,High Minority,Mid-Range Poverty,Non-Title I,359923,386145,93.2,91.59444444444446
BARBARA J HAWKINS ELEM,3781,5346,4791.204000000001,Elementary School,B,NO,N,High Minority,Mid-Range Poverty,Title I,47518,50356,94.4,89.62222222222223
BEL-AIRE ELEMENTARY,261,5166,4594.295999999999,Elementary School,B,NO,N,High Minority,Mid-Range Poverty,Title I,47329,50851,93.1,88.93333333333332
BEN SHEPPARD ELEMENTARY,5021,16002,14696.947999999999,Elementary School,B,NO,N,High Minority,Mid-Range Poverty,Title I,160859,169914,94.7,91.84444444444443
BENJAMIN FRANKLIN K-8 CNTR,2041,10062,8728.785,Combination School,C or below,NO,N,High Minority,Mid-Range Poverty,Title I,95378,98899,96.4,86.75
BENT TREE ELEMENTARY,271,7344,7004.952,Elementary School,A,NO,N,High Minority,Mid-Range Poverty,Title I,71893,76267,94.3,95.38333333333333
BIOTECH@RICHMOND HEIGHTS,7008,7002,6754.5960000000005,High School,A,NO,N,Mid-Range Minority,Mid-Range Poverty,Non-Title I,68203,71452,95.5,96.46666666666668
BISCAYNE BEACH ELEMENTARY,321,13050,12411.999999999998,Elementary School,B,NO,N,High Minority,Mid-Range Poverty,Title I,127248,134685,94.5,95.1111111111111
BISCAYNE GARDENS ELEMENTARY,361,8604,7608.326000000001,Elementary School,B,NO,N,High Minority,Mid-Range Poverty,Title I,89455,95512,93.7,88.42777777777779
BLUE LAKES K-8,441,7416,7041.492,Combination School,A,NO,N,High Minority,Mid-Range Poverty,Non-Title I,79709,84701,94.1,94.95
BOB GRAHAM EDUCATION CENTER,91,28206,27071.492000000002,Combination School,A,NO,N,High Minority,Mid-Range Poverty,Non-Title I,281619,292798,96.2,95.97777777777779
BOOKER T WASHINGTON SENIOR,7791,17694,13664.682999999999,High School,C or below,NO,N,High Minority,Mid-Range Poverty,Title I,149900,165671,90.5,77.22777777777777
BOWMAN ASHE/DOOLIN K-8,451,15912,15280.823999999995,Combination School,B,NO,N,High Minority,Mid-Range Poverty,Title I,161834,170116,95.1,96.0333333333333
BRENTWOOD ELEMENTARY,461,9738,8625.704,Elementary School,B,NO,N,High Minority,Mid-Range Poverty,Title I,92640,98600,94.0,88.57777777777778
BROADMOOR ELEMENTARY,521,8298,7306.85,Elementary School,B,NO,N,High Minority,High Poverty,Title I,79650,84874,93.8,88.05555555555557
BROWNSVILLE MIDDLE SCHOOL,6031,7488,5749.120000000001,Middle School,C or below,NO,N,High Minority,Mid-Range Poverty,Title I,64532,71126,90.7,76.77777777777779
BUNCHE PARK ELEMENTARY,641,6498,5688.637999999999,Elementary School,C or below,NO,N,High Minority,High Poverty,Title I,64112,68917,93.0,87.54444444444442
CALUSA ELEMENTARY,671,14616,14289.576,Elementary School,A,NO,N,High Minority,Mid-Range Poverty,Non-Title I,144243,150281,96.0,97.76666666666665
CAMPBELL DRIVE K-8 CENTER,651,18864,16907.384000000002,Combination School,C or below,NO,N,High Minority,Mid-Range Poverty,Title I,178927,192662,92.9,89.62777777777778
CARIBBEAN K-8 CENTER,661,12996,12164.978000000003,Combination School,B,NO,N,High Minority,Mid-Range Poverty,Title I,127080,134067,94.8,93.60555555555557
CAROL CITY ELEMENTARY,681,6876,6243.79,Elementary School,C or below,NO,N,High Minority,Mid-Range Poverty,Title I,68627,73799,93.0,90.80555555555556
CAROL CITY MIDDLE SCHOOL,6051,6606,5854.384,Middle School,C or below,NO,N,High Minority,High Poverty,Title I,60095,64436,93.3,88.62222222222222
CARRIE P MEEK/WESTVIEW K-8,5901,12222,10491.908000000001,Combination School,C or below,NO,N,High Minority,Mid-Range Poverty,Title I,120524,128509,93.8,85.84444444444446
CHARLES DAVID WYCHE  JR,5991,11970,10929.275000000003,Elementary School,C or below,NO,N,High Minority,Mid-Range Poverty,Title I,116703,124357,93.8,91.30555555555559
CHARLES R DREW ELEMENTARY,1401,12294,9891.206000000002,Combination School,C or below,NO,N,High Minority,High Poverty,Title I,110732,119114,93.0,80.45555555555556
CHARLES R HADLEY ELEMENTARY,2331,13608,12824.028,Elementary School,A,NO,N,High Minority,Mid-Range Poverty,Title I,150970,157879,95.6,94.2388888888889
CHRISTINA M EVE ELEMENTARY,1691,12852,12160.848,Elementary School,B,NO,N,High Minority,Mid-Range Poverty,Non-Title I,130675,135734,96.3,94.62222222222222
CITRUS GROVE ELEMENTARY,801,16218,14700.715999999999,Elementary School,C or below,NO,N,High Minority,Mid-Range Poverty,Title I,155840,167371,93.1,90.64444444444445
CITRUS GROVE MIDDLE SCHOOL,6091,14184,12243.944,Middle School,C or below,NO,N,High Minority,Mid-Range Poverty,Title I,121632,132640,91.7,86.32222222222222
CLAUDE PEPPER ELEMENTARY,831,8892,8613.878,Elementary School,A,NO,N,High Minority,Mid-Range Poverty,Non-Title I,98652,103940,94.9,96.87222222222222
COCONUT GROVE ELEMENTARY,841,9450,9014.775,Elementary School,A,NO,N,Mid-Range Minority,Low Poverty,Non-Title I,77733,80505,96.6,95.39444444444443
COCONUT PALM K-8 ACADEMY,3621,24498,20898.155000000002,Combination School,C or below,NO,N,High Minority,Mid-Range Poverty,Title I,240868,258414,93.2,85.30555555555557
COLONIAL DRIVE ELEMENTARY,861,4842,4478.043,Elementary School,B,NO,N,High Minority,Mid-Range Poverty,Title I,48956,51723,94.7,92.48333333333333
COMSTOCK ELEMENTARY,881,9990,8714.055,Elementary School,C or below,NO,N,High Minority,High Poverty,Title I,91303,98009,93.2,87.22777777777779
CORAL GABLES PREP ACADEMY,961,17802,17158.161,Combination School,A,NO,N,Mid-Range Minority,Low Poverty,Non-Title I,170497,176824,96.4,96.38333333333333
CORAL GABLES SENIOR SCHOOL,7071,55080,50153.40000000001,High School,B,NO,N,High Minority,Mid-Range Poverty,Non-Title I,526074,568347,92.6,91.05555555555557
CORAL PARK ELEMENTARY,1001,18792,17707.284,Elementary School,A,NO,N,High Minority,Mid-Range Poverty,Title I,184588,194091,95.1,94.22777777777777
CORAL REEF ELEMENTARY,1041,15264,14811.167999999996,Elementary School,A,NO,N,Mid-Range Minority,Low Poverty,Non-Title I,155164,160102,96.9,97.0333333333333
CORAL REEF SENIOR HIGH SCHL,7101,61020,58155.45000000001,High School,A,NO,N,Mid-Range Minority,Low Poverty,Non-Title I,586696,609861,96.2,95.30555555555557
CORAL TERRACE ELEMENTARY,1081,8298,7822.709000000001,Elementary School,A,NO,N,High Minority,Mid-Range Poverty,Title I,75503,79436,95.0,94.27222222222224
CORAL WAY K-8 CENTER,1121,21852,20746.046000000002,Combination School,A,NO,N,High Minority,Mid-Range Poverty,Title I,213824,223727,95.6,94.9388888888889
COUNTRY CLUB MIDDLE SCHOOL,6611,13032,11979.303999999998,Middle School,C or below,NO,N,High Minority,Mid-Range Poverty,Title I,114126,121989,93.6,91.9222222222222
CRESTVIEW ELEMENTARY,1161,5814,5123.749,Elementary School,A,NO,N,High Minority,Mid-Range Poverty,Title I,52078,54744,95.1,88.12777777777777
CUTLER BAY MIDDLE,6111,15804,13968.980000000003,Middle School,C or below,NO,N,High Minority,Mid-Range Poverty,Title I,141845,152532,93.0,88.3888888888889
CUTLER BAY SENIOR HIGH SCHL,6081,9252,8668.609999999999,High School,A,NO,N,Mid-Range Minority,Mid-Range Poverty,Non-Title I,79650,82604,96.4,93.69444444444443
CUTLER RIDGE ELEMENTARY,1241,8694,8033.255999999999,Elementary School,B,NO,N,High Minority,Mid-Range Poverty,Title I,85443,90206,94.7,92.39999999999999
CYPRESS K-8 CENTER,1281,6282,5958.477000000001,Combination School,A,NO,N,High Minority,Mid-Range Poverty,Title I,64344,67095,95.9,94.85000000000001
DANTE B FASCELL ELEMENTARY,1811,7650,7313.4,Elementary School,A,NO,N,High Minority,Mid-Range Poverty,Title I,82221,86493,95.1,95.6
DAVID FAIRCHILD ELEMENTARY,1761,10404,10115.578000000001,Elementary School,B,NO,N,Mid-Range Minority,Low Poverty,Non-Title I,102401,106949,95.7,97.22777777777779
DAVID LAWRENCE JR K-8 CNTR,5005,26442,24225.279000000002,Combination School,A,NO,N,High Minority,Mid-Range Poverty,Title I,252282,264393,95.4,91.61666666666667
DESIGN & ARCHITECTURE SR,7081,9162,8562.398,High School,A,NO,N,Mid-Range Minority,Low Poverty,Non-Title I,85238,89012,95.8,93.45555555555555
DEVON AIRE K-8 CENTER,1331,23076,22119.628,Combination School,A,NO,N,High Minority,Mid-Range Poverty,Non-Title I,252096,262890,95.9,95.85555555555555
DR CARLOS J FINLAY ELEM,5061,10098,9676.128,Elementary School,A,NO,N,High Minority,Mid-Range Poverty,Title I,92649,96906,95.6,95.82222222222224
DR EDWARD L WHIGHAM EL,5981,13392,12329.568,Elementary School,B,NO,N,High Minority,Mid-Range Poverty,Title I,133312,142652,93.5,92.06666666666666
DR GILBERT L PORTER ELEM,4511,12546,12136.860999999999,Elementary School,B,NO,N,High Minority,Mid-Range Poverty,Non-Title I,117434,123361,95.2,96.73888888888888
DR HENRY MACK/W LITTLE K-8,5861,7272,5976.371999999999,Combination School,C or below,NO,N,High Minority,Mid-Range Poverty,Title I,67274,71224,94.5,82.18333333333334
DR MANUEL C BARREIRO ELEM,211,12492,12201.214,Elementary School,A,NO,N,High Minority,Mid-Range Poverty,Non-Title I,121552,127033,95.7,97.67222222222223
DR MICHAEL M KROP SENIOR,7141,42966,38473.666,High School,B,NO,N,Mid-Range Minority,Mid-Range Poverty,Non-Title I,418594,452414,92.5,89.54444444444444
DR ROBERT B INGRAM ELEM,4121,6138,4814.238,Elementary School,C or below,NO,N,High Minority,High Poverty,Title I,62802,68440,91.8,78.43333333333334
DR ROLANDO ESPINOSA K-8 CNT,122,19782,18523.645000000004,Combination School,B,NO,N,High Minority,Low Poverty,Non-Title I,203615,213921,95.2,93.6388888888889
DR. FREDERICA S. WILSON/SKY,5081,3654,3418.9259999999995,Elementary School,C or below,NO,N,High Minority,Mid-Range Poverty,Title I,37197,39170,95.0,93.56666666666665
DR. TONI BILBAO PREP ACADEM,4011,13014,12455.844,Elementary School,B,NO,N,High Minority,Low Poverty,Non-Title I,104448,109493,95.4,95.71111111111111
E W F STIRRUP ELEMENTARY,5381,15822,15391.29,Elementary School,A,NO,N,High Minority,Mid-Range Poverty,Title I,163027,170208,95.8,97.27777777777779
EARLINGTON HEIGHTS ELEM,1561,7506,6605.697,Elementary School,C or below,NO,N,High Minority,High Poverty,Title I,74697,81299,91.9,88.00555555555556
EDISON PARK ELEMENTARY,1601,9504,7459.0560000000005,Combination School,B,NO,N,High Minority,Mid-Range Poverty,Title I,82290,88030,93.5,78.48333333333333
EMERSON ELEMENTARY,1641,6462,6264.55,Elementary School,A,NO,N,High Minority,Mid-Range Poverty,Title I,61969,64040,96.8,96.94444444444444
ENEIDA MASSAS HARTNER ELEM,2351,7596,6411.446,Elementary School,B,NO,N,High Minority,Mid-Range Poverty,Title I,71966,76065,94.6,84.40555555555555
ERNEST R GRAHAM K-8 CENTER,5051,21096,20347.091999999997,Combination School,A,NO,N,High Minority,Mid-Range Poverty,Title I,210313,218963,96.0,96.44999999999997
ETHEL KOGER BECKHAM ELEM,251,14652,14274.304000000002,Elementary School,A,NO,N,High Minority,Mid-Range Poverty,Title I,137690,141587,97.2,97.42222222222223
EUGENIA B THOMAS K-8 CENTER,71,28134,27141.495000000003,Combination School,A,NO,N,High Minority,Low Poverty,Non-Title I,289803,301908,96.0,96.47222222222224
EVERGLADES K-8 CENTER,1721,17550,16520.4,Combination School,A,NO,N,High Minority,Mid-Range Poverty,Title I,170758,179996,94.9,94.13333333333334
FAIRLAWN ELEMENTARY,1801,10944,10334.784,Elementary School,A,NO,N,High Minority,Mid-Range Poverty,Title I,105321,109752,96.0,94.43333333333332
FELIX VARELA SENIOR,7781,39492,35893.84,High School,B,NO,N,High Minority,Mid-Range Poverty,Non-Title I,391647,428324,91.4,90.88888888888887
FLAGAMI ELEMENTARY,1841,6318,6090.200999999999,Elementary School,A,NO,N,High Minority,Mid-Range Poverty,Title I,65339,67924,96.2,96.39444444444443
FLAMINGO ELEMENTARY,1921,9864,9491.908,Elementary School,B,NO,N,High Minority,Mid-Range Poverty,Title I,100979,105885,95.4,96.22777777777777
FLORIDA CITY ELEMENTARY,2001,12456,10441.588000000002,Elementary School,C or below,NO,N,High Minority,Mid-Range Poverty,Title I,131819,141510,93.2,83.82777777777778
FRANCES S TUCKER EL,5561,5256,4656.232,Elementary School,C or below,NO,N,High Minority,Mid-Range Poverty,Title I,53097,56820,93.4,88.58888888888889
FRANK CRAWFORD MARTIN K-8,3101,17190,16524.364999999998,Combination School,A,NO,N,High Minority,Mid-Range Poverty,Non-Title I,184254,190661,96.6,96.12777777777777
FULFORD ELEMENTARY,2081,8406,7551.390000000001,Elementary School,A,NO,N,High Minority,Mid-Range Poverty,Title I,88929,92726,95.9,89.83333333333334
G HOLMES BRADDOCK SENIOR,7051,54396,48013.53599999999,High School,B,NO,N,High Minority,Mid-Range Poverty,Title I,505011,555400,90.9,88.26666666666665
G K EDELMAN/SABAL PALM ELEM,4801,11070,10107.525000000001,Elementary School,A,NO,N,High Minority,Mid-Range Poverty,Title I,106563,111392,95.7,91.30555555555557
GATEWAY ENV K-8 LEARN CNTR,4031,29016,26006.396,Combination School,C or below,NO,N,High Minority,Mid-Range Poverty,Title I,281764,302997,93.0,89.62777777777778
GEORGE W CARVER ELEMENTARY,721,8352,7958.528,Elementary School,A,NO,N,High Minority,Mid-Range Poverty,Non-Title I,75953,78815,96.4,95.28888888888889
GEORGE W CARVER MIDDLE SCHL,6071,18360,17683.74,Middle School,A,NO,N,Mid-Range Minority,Low Poverty,Non-Title I,176776,180327,98.0,96.31666666666668
GEORGIA JONES-AYERS MIDDLE,6011,9576,7507.052,Middle School,C or below,NO,N,High Minority,Mid-Range Poverty,Title I,71064,78097,91.0,78.39444444444445
GLADES MIDDLE SCHOOL,6211,15300,14417.7,Middle School,A,NO,N,High Minority,Mid-Range Poverty,Non-Title I,141623,148090,95.6,94.23333333333333
GLORIA FLOYD ELEMENTARY,2021,7812,7502.124000000001,Elementary School,B,NO,N,High Minority,Mid-Range Poverty,Non-Title I,82380,87555,94.1,96.03333333333333
GOLDEN GLADES ELEMENTARY,2161,3492,3207.207999999999,Elementary School,B,NO,N,High Minority,Mid-Range Poverty,Title I,35979,37803,95.2,91.84444444444442
GOULDS ELEMENTARY SCHOOL,311,5310,4051.235,Elementary School,C or below,NO,N,High Minority,Mid-Range Poverty,Title I,55984,60764,92.1,76.29444444444444
GRATIGNY ELEMENTARY,2241,7938,7034.390999999999,Elementary School,C or below,NO,N,High Minority,Mid-Range Poverty,Title I,86552,91333,94.8,88.61666666666666
GREENGLADE ELEMENTARY,2261,7974,7535.429999999999,Elementary School,A,NO,N,High Minority,Mid-Range Poverty,Title I,83714,87335,95.9,94.5
GREYNOLDS PARK ELEMENTARY,2281,13014,11880.335999999998,Elementary School,B,NO,N,High Minority,Mid-Range Poverty,Title I,125329,131988,95.0,91.28888888888888
GULFSTREAM ELEMENTARY,2321,11448,10116.215999999999,Elementary School,B,NO,N,High Minority,Mid-Range Poverty,Title I,118321,127552,92.8,88.36666666666665
HAMMOCKS MIDDLE SCHOOL,6221,10944,10367.616,Middle School,B,NO,N,High Minority,Mid-Range Poverty,Title I,119388,125399,95.2,94.73333333333333
HENRY E S REEVES ELEMENTARY,4491,15642,12675.233999999999,Elementary School,B,NO,N,High Minority,Mid-Range Poverty,Title I,91652,97467,94.0,81.03333333333332
HENRY H FILER MIDDLE SCHOOL,6171,11052,10003.288000000002,Middle School,C or below,NO,N,High Minority,Mid-Range Poverty,Title I,105284,111500,94.4,90.51111111111113
HENRY M FLAGLER ELEMENTARY,1881,12204,11685.330000000002,Elementary School,A,NO,N,High Minority,Mid-Range Poverty,Title I,117874,124013,95.0,95.75000000000001
HENRY S WEST LABORATORY,5831,6966,6854.156999999998,Combination School,A,NO,N,Mid-Range Minority,Low Poverty,Non-Title I,64671,66447,97.3,98.39444444444442
HERBERT A AMMONS MIDDLE,6001,19530,18760.734999999997,Middle School,A,NO,N,Mid-Range Minority,Mid-Range Poverty,Non-Title I,185467,190430,97.4,96.0611111111111
HIALEAH ELEMENTARY,2361,11628,10936.134,Elementary School,A,NO,N,High Minority,Mid-Range Poverty,Title I,112037,118466,94.6,94.05
HIALEAH GARDENS ELEMENTARY,2111,17370,16966.63,Elementary School,A,NO,N,High Minority,Mid-Range Poverty,Title I,177479,186410,95.2,97.67777777777779
HIALEAH GARDENS MIDDLE,6751,30420,29713.58,Middle School,A,NO,N,High Minority,Mid-Range Poverty,Title I,293447,302002,97.2,97.67777777777779
HIALEAH GARDENS SENIOR HIGH,7191,48096,45231.616,High School,B,NO,N,High Minority,Mid-Range Poverty,Title I,457819,485134,94.4,94.04444444444445
HIALEAH MIDDLE SCHOOL,6231,16920,15605.88,Middle School,B,NO,N,High Minority,Mid-Range Poverty,Title I,154159,163645,94.2,92.23333333333333
HIALEAH SENIOR HIGH SCHOOL,7111,37116,31961.0,High School,C or below,NO,N,High Minority,Mid-Range Poverty,Title I,335244,371211,90.3,86.11111111111111
HIALEAH-MIAMI LAKES SENIOR,7131,26442,23916.788999999997,High School,B,NO,N,High Minority,Mid-Range Poverty,Title I,250646,273515,91.6,90.44999999999999
HIBISCUS ELEMENTARY,2401,8766,8088.583,Elementary School,B,NO,N,High Minority,Mid-Range Poverty,Title I,89941,94759,94.9,92.27222222222223
HIGHLAND OAKS MIDDLE SCHOOL,6241,16542,15247.128999999999,Middle School,B,NO,N,Mid-Range Minority,Mid-Range Poverty,Non-Title I,168326,179337,93.9,92.17222222222222
HOLMES ELEMENTARY,2501,6066,4653.969999999999,Elementary School,C or below,NO,N,High Minority,High Poverty,Title I,70935,75830,93.5,76.72222222222221
HOMESTEAD MIDDLE SCHOOL,6251,12042,9183.363,Middle School,C or below,NO,N,High Minority,High Poverty,Title I,104586,115052,90.9,76.2611111111111
HOMESTEAD SENIOR HIGH SCHL,7151,35928,30724.427999999996,High School,C or below,NO,N,High Minority,Mid-Range Poverty,Title I,326509,361397,90.3,85.51666666666665
HORACE MANN MIDDLE SCHOOL,6411,11250,9393.125,Middle School,C or below,NO,N,High Minority,Mid-Range Poverty,Title I,99138,108186,91.6,83.49444444444445
HOWARD D MCMILLAN MIDDLE,6441,18846,17774.918999999998,Middle School,A,NO,N,High Minority,Mid-Range Poverty,Title I,175053,183157,95.6,94.31666666666666
HOWARD DRIVE ELEMENTARY,2541,8190,7718.165,Elementary School,A,NO,N,Mid-Range Minority,Low Poverty,Non-Title I,88508,92546,95.6,94.23888888888888
HUBERT O SIBLEY K-8 CENTER,5141,12366,11413.131,Combination School,C or below,NO,N,High Minority,Mid-Range Poverty,Title I,122383,128773,95.0,92.29444444444444
INTERNATIONAL STUDIES PREP,7571,6642,6209.532,High School,A,NO,N,Mid-Range Minority,Low Poverty,Non-Title I,62072,65217,95.2,93.4888888888889
INTL EDUCATION ACADEMY,7021,5706,5501.217999999999,High School,A,NO,N,High Minority,Mid-Range Poverty,Title I,54162,55867,96.9,96.4111111111111
IPREPARATORY ACADEMY,7581,16308,15623.064000000002,Combination School,A,NO,N,Mid-Range Minority,Low Poverty,Non-Title I,148549,153691,96.7,95.80000000000001
IRVING & BEATRICE PESKOE K8,4391,16524,14971.661999999998,Combination School,B,NO,N,High Minority,Mid-Range Poverty,Title I,153821,163965,93.8,90.60555555555555
ITECH@THOMAS A. EDISON ED C,7005,4374,3791.286,High School,B,NO,N,High Minority,Mid-Range Poverty,Title I,33527,35228,95.2,86.67777777777778
JACK D GORDON ELEM COMM,2151,15768,15440.375999999998,Elementary School,A,NO,N,High Minority,Mid-Range Poverty,Title I,168978,176404,95.8,97.92222222222222
JAMES H BRIGHT ELEMENTARY,481,9504,8811.791999999998,Elementary School,B,NO,N,High Minority,Mid-Range Poverty,Title I,101608,108586,93.6,92.71666666666664
JANE S ROBERTS K-8 CENTER,4691,13446,12859.605,Combination School,A,NO,N,High Minority,Mid-Range Poverty,Non-Title I,139515,145589,95.8,95.63888888888889
JESSE J MCCRARY  JR ELEM,3021,8514,6545.847,Elementary School,C or below,NO,N,High Minority,Mid-Range Poverty,Title I,84953,90397,94.0,76.88333333333333
JOE HALL ELEMENTARY,2341,8316,7884.954,Elementary School,A,NO,N,High Minority,Mid-Range Poverty,Title I,76026,80289,94.7,94.81666666666666
JOELLA GOOD ELEMENTARY,2181,16920,16246.020000000002,Elementary School,A,NO,N,High Minority,Mid-Range Poverty,Title I,168919,175820,96.1,96.01666666666668
JOHN A FERGUSON SENIOR HIGH,7121,76068,70151.59999999999,High School,A,NO,N,High Minority,Mid-Range Poverty,Non-Title I,717937,765298,93.8,92.2222222222222
JOHN F KENNEDY MIDDLE SCH,6301,20160,18248.160000000003,Middle School,B,NO,N,High Minority,Mid-Range Poverty,Title I,178136,184079,96.8,90.51666666666668
JOHN G DUPUIS ELEMENTARY,1481,8982,8409.148000000001,Elementary School,B,NO,N,High Minority,Mid-Range Poverty,Title I,87345,92611,94.3,93.62222222222223
JOHN I SMITH K-8 CENTER,5101,28170,27101.105,Combination School,A,NO,N,High Minority,Mid-Range Poverty,Non-Title I,305328,321829,94.9,96.20555555555555
JORGE MAS CANOSA MID SCHOOL,6771,31122,29434.496,Middle School,B,NO,N,High Minority,Mid-Range Poverty,Title I,294110,311181,94.5,94.57777777777777
JOSE DE DIEGO MIDDLE SCHOOL,6361,17100,13105.250000000002,Middle School,C or below,NO,N,High Minority,Mid-Range Poverty,Title I,140751,154542,91.1,76.6388888888889
KELSEY L PHARR ELEMENTARY,4401,6498,5531.964000000001,Elementary School,C or below,NO,N,High Minority,Mid-Range Poverty,Title I,59897,64642,92.7,85.13333333333335
KENDALE ELEMENTARY,2641,8694,8539.923,Elementary School,A,NO,N,High Minority,Mid-Range Poverty,Non-Title I,89039,92157,96.6,98.22777777777777
KENDALE LAKES ELEMENTARY,2651,13050,12554.099999999999,Elementary School,A,NO,N,High Minority,Mid-Range Poverty,Title I,131878,139166,94.8,96.19999999999999
KENDALL SQUARE K-8 CENTER,3031,2808,2700.36,Combination School,,NO,N,High Minority,Mid-Range Poverty,Non-Title I,7920,8253,96.0,96.16666666666667
KENSINGTON PARK ELEMENTARY,2661,18522,16512.363,Elementary School,C or below,NO,N,High Minority,Mid-Range Poverty,Title I,189545,202419,93.6,89.15
KENWOOD K-8 CENTER,2701,19206,18588.207,Combination School,A,NO,N,High Minority,Mid-Range Poverty,Non-Title I,189763,198257,95.7,96.78333333333332
KEY BISCAYNE K-8 CENTER,2741,22032,21346.559999999998,Combination School,A,NO,N,Mid-Range Minority,Low Poverty,Non-Title I,217631,225549,96.5,96.88888888888889
KINLOCH PARK ELEMENTARY,2781,10116,9371.349999999999,Elementary School,B,NO,N,High Minority,Mid-Range Poverty,Title I,103809,109707,94.6,92.63888888888887
KINLOCH PARK MIDDLE SCHOOL,6331,11808,10979.472000000002,Middle School,C or below,NO,N,High Minority,Mid-Range Poverty,Title I,120091,128290,93.6,92.98333333333335
LAKE STEVENS ELEMENTARY,2801,5166,4802.084000000001,Elementary School,A,NO,N,High Minority,Mid-Range Poverty,Title I,47594,50447,94.3,92.95555555555556
LAKE STEVENS MIDDLE SCHOOL,6351,8532,7529.49,Middle School,C or below,NO,N,High Minority,Mid-Range Poverty,Title I,89860,96579,93.0,88.25
LAKEVIEW ELEMENTARY,2821,7470,6225.0,Elementary School,C or below,NO,N,High Minority,Mid-Range Poverty,Title I,70145,73283,95.7,83.33333333333334
LAMAR LOUISE CURRY MIDDLE,6921,20322,19217.838,Middle School,A,NO,N,High Minority,Mid-Range Poverty,Title I,205915,215244,95.7,94.56666666666666
LAURA C SAUNDERS ELEM,2941,11052,8318.471999999998,Elementary School,C or below,NO,N,High Minority,High Poverty,Title I,105016,112064,93.7,75.26666666666665
LAW ENFOR OFFICERS MEMORIAL,7033,6534,6265.7429999999995,High School,A,NO,N,High Minority,Mid-Range Poverty,Title I,66898,70137,95.4,95.89444444444443
LAWTON CHILES MIDDLE SCHOOL,6161,15048,14366.66,Middle School,B,NO,N,High Minority,Mid-Range Poverty,Title I,137616,144355,95.3,95.47222222222223
LEEWOOD K-8 CENTER,2881,13428,12984.875999999998,Combination School,A,NO,N,Mid-Range Minority,Low Poverty,Non-Title I,134083,138940,96.5,96.69999999999999
LEISURE CITY K-8 CENTER,2901,19620,16572.36,Combination School,B,NO,N,High Minority,High Poverty,Title I,176938,189996,93.1,84.46666666666667
LENORA BRAYNON SMITH EL,81,8208,6852.767999999998,Elementary School,C or below,NO,N,High Minority,Mid-Range Poverty,Title I,74622,80366,92.9,83.48888888888887
LIBERTY CITY ELEMENTARY,2981,6408,4860.468,Elementary School,C or below,NO,N,High Minority,High Poverty,Title I,63272,70197,90.1,75.85
LILLIE C EVANS K-8 CENTER,1681,7254,5987.773999999999,Combination School,C or below,NO,N,High Minority,Mid-Range Poverty,Title I,65435,70458,92.9,82.54444444444444
LINDA LENTIN K-8 CENTER,2911,15138,13524.961999999998,Combination School,B,NO,N,High Minority,Mid-Range Poverty,Title I,146795,153874,95.4,89.34444444444442
LORAH PARK ELEMENTARY,3041,5274,4479.091,Elementary School,C or below,NO,N,High Minority,High Poverty,Title I,54366,58042,93.7,84.92777777777778
LUDLAM ELEMENTARY,3061,5130,4811.084999999999,Elementary School,A,NO,N,Mid-Range Minority,Mid-Range Poverty,Non-Title I,54586,56741,96.2,93.78333333333332
MADIE IVES K-8 PREP ACADEMY,2581,19008,17621.472,Combination School,B,NO,N,High Minority,Mid-Range Poverty,Title I,159577,165880,96.2,92.70555555555556
MADISON MIDDLE SCHOOL,6391,8082,6292.286,Middle School,C or below,NO,N,High Minority,Mid-Range Poverty,Title I,71034,77700,91.4,77.85555555555555
MAE M WALTERS ELEMENTARY,5711,9810,9159.815,Elementary School,A,NO,N,High Minority,Mid-Range Poverty,Title I,90264,94884,95.1,93.37222222222222
MANDARIN LAKES K-8 ACADEMY,73,15426,12819.863000000001,Combination School,C or below,NO,N,High Minority,Mid-Range Poverty,Title I,150716,164471,91.6,83.10555555555557
MARCUS A MILAM K-8 CENTER,3421,15840,15142.159999999996,Combination School,B,NO,N,High Minority,Mid-Range Poverty,Title I,152265,160996,94.6,95.59444444444442
MARJORY STONEMAN DOUGLAS,1371,14112,13564.768,Elementary School,A,NO,N,High Minority,Mid-Range Poverty,Title I,147583,154330,95.6,96.12222222222222
MAST @ JOSE MARTI 6-12 ACAD,7291,16848,16348.176,Combination School,A,NO,N,High Minority,Mid-Range Poverty,Title I,160509,165763,96.8,97.03333333333333
MAST @FIU BISCAYNE BAY CAMP,7031,7290,6595.425000000001,High School,A,NO,N,Mid-Range Minority,Mid-Range Poverty,Non-Title I,62950,66108,95.2,90.47222222222223
MAST ACADEMY,7161,27558,25817.252999999993,Combination School,A,NO,N,Mid-Range Minority,Low Poverty,Non-Title I,259375,269488,96.2,93.68333333333331
MAYA ANGELOU ELEMENTARY,111,13374,11309.946000000002,Elementary School,C or below,NO,N,High Minority,Mid-Range Poverty,Title I,124061,132282,93.8,84.56666666666668
MEADOWLANE ELEMENTARY,3141,12870,12398.100000000002,Elementary School,A,NO,N,High Minority,Mid-Range Poverty,Title I,129758,135111,96.0,96.33333333333334
MEDICAL ACAD FOR SCI & TECH,7171,13824,12701.952,High School,A,NO,N,High Minority,Mid-Range Poverty,Non-Title I,123890,129909,95.4,91.88333333333333
MELROSE ELEMENTARY,3181,11178,8374.185,Elementary School,A,NO,N,High Minority,Mid-Range Poverty,Title I,101828,110712,92.0,74.91666666666667
MIA BEACH FEINBERG/FISHERK8,761,16956,15406.409999999998,Combination School,B,NO,N,High Minority,Mid-Range Poverty,Title I,152146,160587,94.7,90.8611111111111
MIA BEACH SOUTH POINTE ELEM,5091,10134,9487.113000000001,Elementary School,A,NO,N,Mid-Range Minority,Mid-Range Poverty,Non-Title I,94220,99165,95.0,93.61666666666667
MIAMI ARTS STUDIO@ZELDER GL,6052,29790,28219.405000000002,Combination School,A,NO,N,High Minority,Mid-Range Poverty,Title I,270544,280473,96.5,94.72777777777779
MIAMI BEACH NAUTILUS MID,6541,20250,18625.5,Middle School,B,NO,N,Mid-Range Minority,Mid-Range Poverty,Non-Title I,178031,190339,93.5,91.97777777777777
MIAMI BEACH SENIOR,7201,42390,36596.7,High School,B,NO,N,Mid-Range Minority,Mid-Range Poverty,Non-Title I,376146,419107,89.7,86.33333333333333
MIAMI CAROL CITY SENIOR,7231,16632,13993.056,High School,C or below,NO,N,High Minority,Mid-Range Poverty,Title I,151038,170257,88.7,84.13333333333334
MIAMI CENTRAL SENIOR,7251,27306,21174.286000000004,High School,C or below,NO,N,High Minority,Mid-Range Poverty,Title I,258558,286295,90.3,77.54444444444447
MIAMI CORAL PARK SENIOR,7271,43182,39809.005999999994,High School,C or below,NO,N,High Minority,Mid-Range Poverty,Title I,411188,444219,92.6,92.18888888888887
MIAMI EDISON SENIOR,7301,12384,9668.464,High School,B,NO,N,High Minority,Mid-Range Poverty,Title I,119020,130090,91.5,78.07222222222222
MIAMI GARDENS ELEMENTARY,3241,4590,4255.185,Elementary School,A,NO,N,High Minority,Mid-Range Poverty,Title I,44755,47526,94.2,92.70555555555556
MIAMI HEIGHTS ELEMENTARY,3261,13194,12119.422000000002,Elementary School,B,NO,N,High Minority,Mid-Range Poverty,Title I,139051,148145,93.9,91.85555555555557
MIAMI JACKSON SENIOR,7341,26964,22055.054,High School,C or below,NO,N,High Minority,Mid-Range Poverty,Title I,230549,264359,87.2,81.79444444444445
MIAMI KILLIAN SENIOR,7361,25866,22950.327000000005,High School,C or below,NO,N,High Minority,Mid-Range Poverty,Non-Title I,265025,289438,91.6,88.72777777777779
MIAMI LAKES EDUCATIONAL CNT,7391,20340,19023.550000000003,High School,A,NO,N,High Minority,Mid-Range Poverty,Title I,209663,217501,96.4,93.52777777777779
MIAMI LAKES K-8 CENTER,3281,21852,21061.685999999998,Combination School,A,NO,N,High Minority,Mid-Range Poverty,Non-Title I,220566,230040,95.9,96.38333333333333
MIAMI LAKES MIDDLE SCHOOL,6501,21582,20842.217,Middle School,A,NO,N,High Minority,Mid-Range Poverty,Title I,224379,235811,95.2,96.57222222222222
MIAMI NORLAND SENIOR,7381,30456,26178.624000000003,High School,B,NO,N,High Minority,Mid-Range Poverty,Title I,298868,324071,92.2,85.95555555555556
MIAMI NORTHWESTERN SENIOR,7411,26874,21714.191999999995,High School,C or below,NO,N,High Minority,Mid-Range Poverty,Title I,236437,261299,90.5,80.79999999999998
MIAMI PALMETTO SENIOR HIGH,7431,49320,43697.520000000004,High School,B,NO,N,Mid-Range Minority,Low Poverty,Non-Title I,456443,492415,92.7,88.60000000000001
MIAMI SENIOR HIGH SCHOOL,7461,51966,45608.82600000001,High School,A,NO,N,High Minority,Mid-Range Poverty,Title I,460477,498087,92.4,87.76666666666668
MIAMI SHORES ELEMENTARY,3341,11646,10663.854000000001,Elementary School,B,NO,N,High Minority,Mid-Range Poverty,Title I,116463,121887,95.5,91.56666666666668
MIAMI SOUTHRIDGE SENIOR,7731,33498,28112.266,High School,B,NO,N,High Minority,Mid-Range Poverty,Title I,295804,325974,90.7,83.92222222222222
MIAMI SPRINGS ELEMENTARY,3381,6876,6487.888,Elementary School,B,NO,N,High Minority,Mid-Range Poverty,Title I,68725,72431,94.9,94.35555555555555
MIAMI SPRINGS MIDDLE SCHOOL,6521,13320,11543.26,Middle School,C or below,NO,N,High Minority,Mid-Range Poverty,Title I,138110,149163,92.6,86.66111111111111
MIAMI SPRINGS SENIOR,7511,24444,21260.847999999998,High School,B,NO,N,High Minority,Mid-Range Poverty,Title I,240087,259979,92.3,86.97777777777776
MIAMI SUNSET SENIOR,7531,21528,19879.911999999997,High School,C or below,NO,N,High Minority,Mid-Range Poverty,Title I,212296,227526,93.3,92.34444444444443
MORNINGSIDE ELEMENTARY,3501,9342,8457.105,Combination School,B,NO,N,High Minority,Mid-Range Poverty,Title I,90478,94475,95.8,90.52777777777777
MYRTLE GROVE K-8 CENTER,3581,7866,7054.054000000001,Combination School,B,NO,N,High Minority,Mid-Range Poverty,Title I,74216,79085,93.8,89.67777777777779
NATHAN B YOUNG ELEMENTARY,5971,5598,4586.628000000001,Elementary School,C or below,NO,N,High Minority,High Poverty,Title I,55991,61168,91.5,81.93333333333335
NATURAL BRIDGE ELEMENTARY,3661,11736,10378.536000000002,Elementary School,B,NO,N,High Minority,Mid-Range Poverty,Title I,119088,125200,95.1,88.43333333333335
NEVA KING COOPER ED CNTR,921,1566,1416.099,Combination School,Improvement Plan,NO,E,Mid-Range Minority,Mid-Range Poverty,Title I,14428,17326,83.3,90.42777777777778
NEW WORLD SCHOOL OF THE ART,7901,8730,8046.635,High School,A,NO,N,Mid-Range Minority,Low Poverty,Non-Title I,83336,87105,95.7,92.17222222222222
NORLAND ELEMENTARY,3701,11412,10065.384,Elementary School,B,NO,N,High Minority,Mid-Range Poverty,Title I,122178,128942,94.8,88.2
NORLAND MIDDLE SCHOOL,6571,15138,13318.076,Middle School,C or below,NO,N,High Minority,Mid-Range Poverty,Title I,147863,157021,94.2,87.97777777777777
NORMA BUTLER BOSSARD EL,125,19494,18744.564000000002,Elementary School,A,NO,N,High Minority,Mid-Range Poverty,Non-Title I,193567,201975,95.8,96.15555555555557
NORMAN S. EDELCUP K-8,92,37026,35366.001,Combination School,A,NO,N,Mid-Range Minority,Low Poverty,Non-Title I,356529,379443,94.0,95.51666666666667
NORTH BEACH ELEMENTARY,3741,18864,18235.199999999997,Elementary School,A,NO,N,Mid-Range Minority,Low Poverty,Non-Title I,184265,193082,95.4,96.66666666666666
NORTH COUNTY K-8 CENTER,3821,6804,6159.132,Combination School,B,NO,N,High Minority,Mid-Range Poverty,Title I,69002,73758,93.6,90.52222222222221
NORTH DADE CNTR MOD LANG,5131,6318,6030.18,Elementary School,A,NO,N,High Minority,Mid-Range Poverty,Title I,63239,65157,97.1,95.44444444444446
NORTH DADE MIDDLE SCHOOL,6591,8496,7094.159999999998,Middle School,C or below,NO,N,High Minority,Mid-Range Poverty,Title I,79972,87650,91.2,83.49999999999997
NORTH GLADE ELEMENTARY,3861,3474,3233.715,Elementary School,A,NO,N,High Minority,Mid-Range Poverty,Title I,39024,41508,94.0,93.08333333333334
NORTH HIALEAH ELEMENTARY,3901,8856,8369.412,Elementary School,B,NO,N,High Minority,Mid-Range Poverty,Title I,88860,93340,95.2,94.50555555555556
NORTH MIAMI BEACH SENIOR,7541,24948,20819.106,High School,C or below,NO,N,High Minority,Mid-Range Poverty,Title I,241019,257968,93.4,83.45
NORTH MIAMI ELEMENTARY,3941,8154,7093.98,Elementary School,C or below,NO,N,High Minority,High Poverty,Title I,86873,91114,95.3,87.0
NORTH MIAMI MIDDLE SCHOOL,6631,16758,14299.229000000001,Middle School,C or below,NO,N,High Minority,Mid-Range Poverty,Title I,155926,165412,94.3,85.32777777777778
NORTH MIAMI SENIOR,7591,39204,32312.808,High School,C or below,NO,N,High Minority,Mid-Range Poverty,Title I,375640,407497,92.2,82.42222222222223
NORTH TWIN LAKES ELEMENTARY,3981,8730,8374.495,Elementary School,A,NO,N,High Minority,Mid-Range Poverty,Title I,85182,89227,95.5,95.92777777777779
NORWOOD ELEMENTARY,4001,8118,7605.213,Elementary School,B,NO,N,High Minority,Mid-Range Poverty,Title I,79454,83161,95.5,93.68333333333332
OAK GROVE ELEMENTARY,4021,10116,8786.307999999999,Elementary School,B,NO,N,High Minority,Mid-Range Poverty,Title I,103206,108006,95.6,86.85555555555554
OJUS ELEMENTARY,4061,17136,16507.68,Elementary School,B,NO,N,Mid-Range Minority,Mid-Range Poverty,Title I,156660,164323,95.3,96.33333333333334
OLIVER HOOVER ELEMENTARY,2521,12132,11658.851999999995,Elementary School,A,NO,N,High Minority,Mid-Range Poverty,Title I,121860,127533,95.6,96.09999999999997
OLYMPIA HEIGHTS ELEMENTARY,4091,6948,6619.128,Elementary School,B,NO,N,High Minority,Mid-Range Poverty,Title I,68378,71692,95.4,95.26666666666667
ORCHARD VILLA ELEMENTARY,4171,6354,4893.992000000001,Elementary School,C or below,NO,N,High Minority,High Poverty,Title I,64921,69996,92.7,77.02222222222224
PALM LAKES ELEMENTARY,4241,11070,10469.759999999998,Elementary School,B,NO,N,High Minority,Mid-Range Poverty,Title I,110167,116987,94.2,94.57777777777775
PALM SPRINGS ELEMENTARY,4261,9432,9120.743999999999,Elementary School,B,NO,N,High Minority,Mid-Range Poverty,Title I,94080,98179,95.8,96.69999999999999
PALM SPRINGS MIDDLE SCHOOL,6681,14742,13736.267999999998,Middle School,B,NO,N,High Minority,Mid-Range Poverty,Title I,155521,167655,92.8,93.17777777777778
PALM SPRINGS NORTH ELEM,4281,19116,18458.622,Elementary School,A,NO,N,High Minority,Mid-Range Poverty,Non-Title I,180692,188391,95.9,96.5611111111111
PALMETTO ELEMENTARY,4221,11304,11077.292,Elementary School,A,NO,N,Mid-Range Minority,Low Poverty,Non-Title I,107728,111663,96.5,97.99444444444444
PALMETTO MIDDLE SCHOOL,6701,19188,18177.431999999997,Middle School,B,NO,N,Mid-Range Minority,Low Poverty,Non-Title I,175838,184619,95.2,94.73333333333332
PARKVIEW ELEMENTARY,4301,4734,4224.832,Elementary School,C or below,NO,N,High Minority,High Poverty,Title I,48901,52124,93.8,89.24444444444445
PARKWAY ELEMENTARY,4341,4644,4141.415999999999,Elementary School,C or below,NO,N,High Minority,Mid-Range Poverty,Title I,49108,52070,94.3,89.17777777777776
PAUL LAURENCE DUNBAR ELEM,1441,6552,5720.988,Combination School,C or below,NO,N,High Minority,Mid-Range Poverty,Title I,60936,65607,92.9,87.31666666666668
PAUL W BELL MIDDLE SCHOOL,6041,8010,7404.3550000000005,Middle School,B,NO,N,High Minority,Mid-Range Poverty,Title I,74135,78698,94.2,92.4388888888889
PERRINE ELEMENTARY,4381,11574,10862.199,Elementary School,B,NO,N,High Minority,Mid-Range Poverty,Non-Title I,116149,121276,95.8,93.85
PHILLIS WHEATLEY ELEMENTARY,5931,4032,3148.768,Elementary School,B,NO,N,High Minority,High Poverty,Title I,40590,44506,91.2,78.09444444444445
PHYLLIS R MILLER ELEM,3431,11718,10543.596,Elementary School,B,NO,N,High Minority,Mid-Range Poverty,Title I,114089,118934,95.9,89.97777777777777
PINE LAKE ELEMENTARY,4441,6696,5910.708,Elementary School,B,NO,N,High Minority,High Poverty,Title I,69256,74242,93.3,88.27222222222221
PINE VILLA ELEMENTARY,4461,6732,5681.808,Elementary School,C or below,NO,N,High Minority,High Poverty,Title I,65175,72056,90.5,84.39999999999999
PINECREST ELEMENTARY,4421,17334,16994.061,Elementary School,A,NO,N,Mid-Range Minority,Low Poverty,Non-Title I,175841,181534,96.9,98.03888888888889
POINCIANA PARK ELEMENTARY,4501,5094,3557.0269999999996,Elementary School,B,NO,N,High Minority,Mid-Range Poverty,Title I,49981,56205,88.9,69.82777777777777
PONCE DE LEON MIDDLE SCHOOL,6741,19710,18339.06,Middle School,B,NO,N,High Minority,Mid-Range Poverty,Title I,208278,220282,94.6,93.04444444444445
R K BROAD/BAY HARBOR  K-8,241,26082,25043.067,Combination School,A,NO,N,Mid-Range Minority,Low Poverty,Non-Title I,236182,247157,95.6,96.01666666666667
RAINBOW PARK ELEMENTARY,4541,4572,4130.548,Elementary School,C or below,NO,N,High Minority,Mid-Range Poverty,Title I,50649,53629,94.4,90.34444444444443
REDLAND ELEMENTARY,4581,15534,13241.872,Elementary School,B,NO,N,High Minority,Mid-Range Poverty,Title I,129389,137750,93.9,85.24444444444444
REDLAND MIDDLE SCHOOL,6761,10296,8692.684,Middle School,C or below,NO,N,High Minority,Mid-Range Poverty,Title I,83531,90828,92.0,84.42777777777776
REDONDO ELEMENTARY,4611,10494,8234.874999999998,Elementary School,A,NO,N,High Minority,High Poverty,Title I,105240,111088,94.7,78.47222222222221
RICHMOND HEIGHTS MIDDLE,6781,9216,8174.080000000002,Middle School,B,NO,N,High Minority,Mid-Range Poverty,Title I,77287,82363,93.8,88.69444444444447
RIVERSIDE ELEMENTARY,4681,20196,16024.403999999999,Elementary School,C or below,NO,N,High Minority,Mid-Range Poverty,Title I,200555,214400,93.5,79.34444444444443
RIVIERA MIDDLE SCHOOL,6801,8820,8141.839999999999,Middle School,B,NO,N,High Minority,Mid-Range Poverty,Title I,85188,89825,94.8,92.3111111111111
ROBERT MORGAN ED CENTER,7371,36432,33310.992000000006,High School,B,NO,N,High Minority,Mid-Range Poverty,Title I,349647,370244,94.4,91.43333333333334
ROBERT RENICK ED CENTER,8151,1170,850.3299999999998,Combination School,Improvement Plan,NO,E,High Minority,Mid-Range Poverty,Title I,8987,11450,78.5,72.67777777777776
ROBERT RUSSA MOTON ELEM,3541,5274,4337.572,Elementary School,C or below,NO,N,High Minority,High Poverty,Title I,51755,55472,93.3,82.24444444444444
ROCKWAY ELEMENTARY,4721,7416,7017.596000000001,Elementary School,B,NO,N,High Minority,Mid-Range Poverty,Title I,76287,79827,95.6,94.6277777777778
ROCKWAY MIDDLE SCHOOL,6821,20790,19698.525000000005,Middle School,B,NO,N,High Minority,Mid-Range Poverty,Title I,198428,208654,95.1,94.75000000000003
RONALD W REAGAN/DORAL SR,7241,44010,40398.735,High School,A,NO,N,High Minority,Low Poverty,Non-Title I,418969,456592,91.8,91.79444444444445
ROYAL GREEN ELEMENTARY,4741,7992,7697.628,Elementary School,A,NO,N,High Minority,Mid-Range Poverty,Title I,81306,84245,96.5,96.31666666666666
ROYAL PALM ELEMENTARY,4761,9288,8966.532,Elementary School,A,NO,N,High Minority,Mid-Range Poverty,Title I,92106,96492,95.5,96.53888888888889
RUBEN DARIO MIDDLE SCHOOL,6121,10152,9770.171999999999,Middle School,B,NO,N,High Minority,Mid-Range Poverty,Title I,100788,106107,95.0,96.23888888888888
RUTH OWENS KRUSE ED CENTER,8181,2376,1929.048,Combination School,Improvement Plan,NO,E,High Minority,Mid-Range Poverty,Title I,20404,24787,82.3,81.18888888888888
SANTA CLARA ELEMENTARY,4841,10908,9053.64,Elementary School,C or below,NO,N,High Minority,High Poverty,Title I,107353,114371,93.9,83.0
SCHOOL FOR ADV STUDY -WEST,7261,2448,2298.672,High School,A,NO,N,High Minority,Mid-Range Poverty,Non-Title I,21443,22027,97.3,93.9
SCHOOL FOR ADV STUDY HOMES,7551,2376,2104.872,High School,A,NO,N,High Minority,Mid-Range Poverty,Non-Title I,20974,21780,96.3,88.58888888888889
SCHOOL FOR ADV STUDY NORTH,7061,2358,2016.352,High School,A,NO,N,High Minority,Mid-Range Poverty,Non-Title I,21503,22050,97.5,85.51111111111112
SCHOOL FOR ADV STUDY SOUTH,7091,4554,4279.241999999999,High School,A,NO,N,Mid-Range Minority,Low Poverty,Non-Title I,42582,43784,97.3,93.96666666666665
SCHOOL FOR ADV STUDY WOLFSN,7041,2430,2209.5449999999996,High School,A,NO,N,Mid-Range Minority,Mid-Range Poverty,Non-Title I,21847,22589,96.7,90.92777777777776
SCOTT LAKE ELEMENTARY,4881,7992,7462.752,Elementary School,A,NO,N,High Minority,Mid-Range Poverty,Title I,76706,80564,95.2,93.37777777777778
SEMINOLE ELEMENTARY,4921,9756,9490.962,Elementary School,A,NO,N,High Minority,Mid-Range Poverty,Title I,97471,102019,95.5,97.28333333333333
SHADOWLAWN ELEMENTARY,4961,3798,3151.0739999999996,Elementary School,C or below,NO,N,High Minority,High Poverty,Title I,37275,39353,94.7,82.96666666666665
SHENANDOAH ELEMENTARY,5001,15462,14015.444,Elementary School,B,NO,N,High Minority,Mid-Range Poverty,Title I,148259,155976,95.1,90.64444444444445
SHENANDOAH MIDDLE SCHOOL,6841,23724,21885.389999999996,Middle School,C or below,NO,N,High Minority,Mid-Range Poverty,Title I,223935,235985,94.9,92.24999999999999
SILVER BLUFF ELEMENTARY,5041,7542,7140.598,Elementary School,B,NO,N,High Minority,Mid-Range Poverty,Title I,77736,83044,93.6,94.67777777777778
SNAPPER CREEK ELEMENTARY,5121,7956,7555.106,Elementary School,A,NO,N,High Minority,Mid-Range Poverty,Non-Title I,75246,79297,94.9,94.96111111111111
SOUTH DADE MIDDLE SCHOOL,5003,24660,21358.299999999996,Combination School,C or below,NO,N,High Minority,Mid-Range Poverty,Title I,218672,232684,94.0,86.6111111111111
SOUTH DADE SENIOR HIGH SCHL,7701,57600,50195.2,High School,B,NO,N,High Minority,Mid-Range Poverty,Title I,479791,524155,91.5,87.14444444444443
SOUTH HIALEAH ELEMENTARY,5201,15930,14814.899999999998,Elementary School,B,NO,N,High Minority,Mid-Range Poverty,Title I,159943,168459,94.9,92.99999999999999
SOUTH MIAMI HEIGHTS ELEM,5281,9090,8608.735,Elementary School,B,NO,N,High Minority,Mid-Range Poverty,Title I,87224,91273,95.6,94.70555555555556
SOUTH MIAMI K-8 CENTER,5241,13230,12608.925000000005,Combination School,A,NO,N,High Minority,Mid-Range Poverty,Non-Title I,133354,138861,96.0,95.30555555555559
SOUTH MIAMI MIDDLE SCHOOL,6881,15642,14885.101,Middle School,A,NO,N,Mid-Range Minority,Mid-Range Poverty,Non-Title I,150976,156950,96.2,95.16111111111113
SOUTH MIAMI SENIOR,7721,31212,27943.409999999996,High School,C or below,NO,N,High Minority,Mid-Range Poverty,Title I,317950,348255,91.3,89.52777777777776
SOUTHSIDE ELEMENTARY,5321,16758,16027.164999999999,Elementary School,A,NO,N,Mid-Range Minority,Mid-Range Poverty,Non-Title I,142157,149171,95.3,95.63888888888889
SOUTHWEST MIAMI SENIOR HIGH,7741,43560,37660.04,High School,B,NO,N,High Minority,Mid-Range Poverty,Title I,400090,436445,91.7,86.45555555555555
SOUTHWOOD MIDDLE SCHOOL,6861,22050,20941.375,Middle School,A,NO,N,Mid-Range Minority,Mid-Range Poverty,Non-Title I,224324,235551,95.2,94.97222222222223
SPANISH LAKE ELEMENTARY,2191,25398,24528.823999999993,Elementary School,A,NO,N,High Minority,Mid-Range Poverty,Title I,262293,274739,95.5,96.57777777777775
SPRINGVIEW ELEMENTARY,5361,7200,7069.200000000001,Elementary School,A,NO,N,High Minority,Mid-Range Poverty,Non-Title I,77382,80656,95.9,98.18333333333335
SUNSET ELEMENTARY,5401,21204,20631.492000000002,Elementary School,A,NO,N,Mid-Range Minority,Low Poverty,Non-Title I,206878,213075,97.1,97.30000000000001
SUNSET PARK ELEMENTARY,5421,8874,8382.972000000002,Elementary School,A,NO,N,High Minority,Mid-Range Poverty,Title I,98774,103861,95.1,94.46666666666668
SWEETWATER ELEMENTARY,5431,9900,9281.249999999998,Elementary School,B,NO,N,High Minority,Mid-Range Poverty,Title I,100979,106428,94.9,93.74999999999997
SYLVANIA HEIGHTS ELEMENTARY,5441,9144,8628.380000000001,Elementary School,B,NO,N,High Minority,Mid-Range Poverty,Title I,86712,91008,95.3,94.36111111111111
TERRA ENV RES INSTITUTE,7029,31374,29230.11,High School,A,NO,N,Mid-Range Minority,Low Poverty,Non-Title I,318277,330145,96.4,93.16666666666666
THOMAS JEFFERSON MIDDLE,6281,7326,6305.650999999999,Middle School,B,NO,N,High Minority,Mid-Range Poverty,Title I,55729,59337,93.9,86.07222222222221
TOUSSAINT L OUVERTURE ELEM,3051,7560,5770.799999999999,Elementary School,A,NO,N,High Minority,Mid-Range Poverty,Title I,65318,69799,93.6,76.33333333333331
TREASURE ISLAND ELEMENTARY,5481,9702,8867.089,Elementary School,B,NO,N,Mid-Range Minority,Mid-Range Poverty,Title I,92709,99476,93.2,91.39444444444445
TROPICAL ELEMENTARY,5521,7686,7191.534000000001,Elementary School,C or below,NO,N,High Minority,Mid-Range Poverty,Title I,72479,78750,92.0,93.56666666666668
TWIN LAKES ELEMENTARY,5601,6930,6744.814999999999,Elementary School,A,NO,N,High Minority,Mid-Range Poverty,Title I,72094,74531,96.7,97.32777777777775
V BOONE/HIGHLAND OAKS ELEM,2441,10278,9632.198999999999,Elementary School,A,NO,N,Mid-Range Minority,Mid-Range Poverty,Non-Title I,101789,107046,95.1,93.71666666666665
VAN E BLANTON ELEMENTARY,401,9594,7783.932,Elementary School,B,NO,N,High Minority,Mid-Range Poverty,Title I,89603,94368,95.0,81.13333333333334
VILLAGE GREEN ELEMENTARY,5641,4932,4681.563999999999,Elementary School,A,NO,N,High Minority,Mid-Range Poverty,Title I,47599,49403,96.3,94.9222222222222
VINELAND K-8 CENTER,5671,14940,14364.81,Combination School,A,NO,N,Mid-Range Minority,Low Poverty,Non-Title I,150031,155464,96.5,96.15
W R THOMAS MIDDLE SCHOOL,6901,17280,16347.84,Middle School,A,NO,N,High Minority,Mid-Range Poverty,Title I,181040,190834,94.9,94.60555555555555
WESLEY MATTHEWS ELEMENTARY,3111,8964,8549.166,Elementary School,A,NO,N,High Minority,Mid-Range Poverty,Title I,80869,84310,95.9,95.37222222222222
WEST HIALEAH GARDENS ELEM,2371,21042,20282.15,Elementary School,B,NO,N,High Minority,Mid-Range Poverty,Title I,212002,222495,95.3,96.38888888888889
WEST HOMESTEAD K-8 CENTER,5791,17658,13217.993999999999,Combination School,C or below,NO,N,High Minority,Mid-Range Poverty,Title I,141626,150864,93.9,74.85555555555555
WEST LAKES PREPARATORY ACAD,3001,8442,8166.696999999999,Elementary School,B,NO,N,High Minority,Mid-Range Poverty,Non-Title I,54263,56521,96.0,96.73888888888888
WEST MIAMI MIDDLE SCHOOL,6961,12204,11193.101999999999,Middle School,C or below,NO,N,High Minority,Mid-Range Poverty,Title I,114440,121271,94.4,91.71666666666665
WESTLAND HIALEAH SR,7049,25020,22826.579999999994,High School,B,NO,N,High Minority,Mid-Range Poverty,Title I,255227,284805,89.6,91.2333333333333
WHISPERING PINES ELEMENTARY,5951,9468,9070.869999999997,Elementary School,B,NO,N,Mid-Range Minority,Mid-Range Poverty,Non-Title I,94201,98751,95.4,95.80555555555551
WILLIAM A CHAPMAN ELEM,771,9936,8915.904000000002,Elementary School,B,NO,N,High Minority,High Poverty,Title I,89152,95670,93.2,89.73333333333335
WILLIAM H LEHMAN ELEMENTARY,2891,11466,11157.054999999998,Elementary School,A,NO,N,High Minority,Mid-Range Poverty,Non-Title I,112002,115724,96.8,97.30555555555554
WILLIAM H TURNER TECH ARTS,7601,23850,21670.375,High School,B,NO,N,High Minority,Mid-Range Poverty,Title I,227522,243029,93.6,90.86111111111111
WILLIAM J BRYAN ELEMENTARY,561,12456,11418.000000000002,Elementary School,B,NO,N,High Minority,Mid-Range Poverty,Title I,123099,128112,96.1,91.66666666666669
WINSTON PARK K-8 CENTER,5961,25434,23991.327,Combination School,A,NO,N,High Minority,Mid-Range Poverty,Title I,248775,259097,96.0,94.32777777777778
YOUNG MENS PREP ACADEMY,7056,4302,3829.258,Combination School,C or below,NO,N,High Minority,Mid-Range Poverty,Title I,36488,38417,95.0,89.0111111111111
YOUNG WOMENS PREP ACADEMY,7055,7506,7297.500000000002,Combination School,A,NO,N,Mid-Range Minority,Mid-Range Poverty,Non-Title I,68001,70753,96.1,97.22222222222224
ZORA NEALE HURSTON ELEM,2511,9000,8467.0,Elementary School,A,NO,N,High Minority,Mid-Range Poverty,Title I,98780,104126,94.9,94.07777777777778
