SCHOOLS,ENROLLMENT,ABSENT,% ABSENT,% PRESENT,SCHOOL_TYPE,WEEK
WEST UNIVERSITY CHARTER H.S.,278,166,0.5971,0.4029,CHARTER,4/3/2020
SEMINOLE HEIGHTS CHARTER SCH,239,135,0.5649,0.4351,CHARTER,4/3/2020
GAITHER HIGH SCHOOL,2053,709,0.3453,0.6547,HIGH,4/3/2020
CLEVELAND ELEMENTARY,388,130,0.3351,0.6649,ELEMENTARY,4/3/2020
ADVANTAGE ACADEMY OF HILLSBORO,447,131,0.2931,0.7069,CHARTER,4/3/2020
VILLAGE OF EXCELLENCE MS,102,29,0.2843,0.7157,CHARTER,4/3/2020
MIDDLETON HIGH SCHOOL,1518,374,0.2464,0.7536,HIGH,4/3/2020
KIDS COMM COLLEGE SOUTHEAST MI,207,42,0.2029,0.7971,CHARTER,4/3/2020
OAK PARK ELEMENTARY,518,94,0.1815,0.8185,ELEMENTARY,4/3/2020
THONOTOSASSA ELEMENTARY,439,78,0.1777,0.8223,ELEMENTARY,4/3/2020
FOCUS ACADEMY,108,15,0.1389,0.8611,CHARTER,4/3/2020
BOWERS-WHITLEY CAREER CENTER,101,14,0.1386,0.8614,ALTERNATIVE,4/3/2020
BRYAN PLANT CITY ELEMENTARY,734,101,0.1376,0.8624,ELEMENTARY,4/3/2020
WILLIS PETERS EXCEPTIONAL CTR,75,10,0.1333,0.8667,ALTERNATIVE,4/3/2020
PIZZO K-8 SCHOOL,996,130,0.1305,0.8695,ALTERNATIVE,4/3/2020
SULPHUR SPRINGS K-8 COMMUNITY,773,93,0.1203,0.8797,ALTERNATIVE,4/3/2020
BRIDGEPREP ACADEMY OF RIVERVIE,1051,124,0.118,0.882,CHARTER,4/3/2020
SPORTS LEADERSHIP & MANAG ACAD,411,48,0.1168,0.8832,CHARTER,4/3/2020
EXCELSIOR PREP CHARTER SCHOOL,181,21,0.116,0.884,CHARTER,4/3/2020
CHANNELSIDE ACAD MATH AND SCI,521,60,0.1152,0.8848,CHARTER,4/3/2020
FOSTER ELEMENTARY,450,51,0.1133,0.8867,ELEMENTARY,4/3/2020
FLORIDA AUTISM CHARTER SCHOOL,131,14,0.1069,0.8931,CHARTER,4/3/2020
MORT ELEMENTARY,1025,105,0.1024,0.8976,ELEMENTARY,4/3/2020
WITTER ELEMENTARY,629,64,0.1017,0.8983,ELEMENTARY,4/3/2020
INDEPENDENCE ACADEMY,942,95,0.1008,0.8992,CHARTER,4/3/2020
RODGERS MIDDLE SCHOOL,867,85,0.098,0.902,MIDDLE,4/3/2020
JENNINGS MIDDLE SCHOOL,720,69,0.0958,0.9042,MIDDLE,4/3/2020
SLAM ACADEMY AT APOLLO BEACH,538,50,0.0929,0.9071,CHARTER,4/3/2020
SHAW ELEMENTARY,736,65,0.0883,0.9117,ELEMENTARY,4/3/2020
CLAIR MEL ELEMENTARY,557,46,0.0826,0.9174,ELEMENTARY,4/3/2020
WATERS CAREER CENTER,121,10,0.0826,0.9174,ALTERNATIVE,4/3/2020
EDISON ELEMENTARY,390,32,0.0821,0.9179,ELEMENTARY,4/3/2020
BRIDGEPREP ACADEMY OF TAMPA,342,28,0.0819,0.9181,CHARTER,4/3/2020
TURKEY CREEK MIDDLE SCHOOL,1089,87,0.0799,0.9201,MIDDLE,4/3/2020
DR KIRAN C PATEL HIGH SCHOOL,241,19,0.0788,0.9212,CHARTER,4/3/2020
ROBLES ELEMENTARY,761,60,0.0788,0.9212,ELEMENTARY,4/3/2020
PLANT CITY HIGH SCHOOL,2293,180,0.0785,0.9215,HIGH,4/3/2020
SPOTO HIGH SCHOOL,1638,127,0.0775,0.9225,HIGH,4/3/2020
ARMWOOD HIGH SCHOOL,2171,167,0.0769,0.9231,HIGH,4/3/2020
EAST BAY HIGH SCHOOL,2389,182,0.0762,0.9238,HIGH,4/3/2020
THE COLLABORATORY PREP ACADEMY,106,8,0.0755,0.9245,CHARTER,4/3/2020
LAMB ELEMENTARY,676,51,0.0754,0.9246,ELEMENTARY,4/3/2020
SHIELDS MIDDLE SCHOOL,1843,139,0.0754,0.9246,MIDDLE,4/3/2020
DR CARTER G WOODSON K-8,1085,80,0.0737,0.9263,ALTERNATIVE,4/3/2020
MCDONALD ELEMENTARY,529,39,0.0737,0.9263,ELEMENTARY,4/3/2020
WATERSET CHARTER SCHOOL,1135,83,0.0731,0.9269,CHARTER,4/3/2020
DICKENSON ELEMENTARY,633,46,0.0727,0.9273,ELEMENTARY,4/3/2020
ANDERSON ELEMENTARY,381,27,0.0709,0.9291,ELEMENTARY,4/3/2020
KING HIGH SCHOOL,1708,120,0.0703,0.9297,HIGH,4/3/2020
KENLY ELEMENTARY,488,34,0.0697,0.9303,ELEMENTARY,4/3/2020
GRECO MIDDLE SCHOOL,864,60,0.0694,0.9306,MIDDLE,4/3/2020
MILES ELEMENTARY,830,57,0.0687,0.9313,ELEMENTARY,4/3/2020
DOROTHY THOMAS EXCEPTIONAL CTR,59,4,0.0678,0.9322,ALTERNATIVE,4/3/2020
VILLAGE OF EXCELLENCE,241,16,0.0664,0.9336,CHARTER,4/3/2020
BELL CREEK ACADEMY HIGH SCHOOL,528,35,0.0663,0.9337,CHARTER,4/3/2020
BING ELEMENTARY,485,31,0.0639,0.9361,ELEMENTARY,4/3/2020
LEWIS ELEMENTARY,788,50,0.0635,0.9365,ELEMENTARY,4/3/2020
GIUNTA MIDDLE SCHOOL,814,51,0.0627,0.9373,MIDDLE,4/3/2020
CREEKSIDE CHARTER ACADEMY,650,40,0.0615,0.9385,CHARTER,4/3/2020
WALTON ACADEMY,180,11,0.0611,0.9389,CHARTER,4/3/2020
WINTHROP CHARTER SCHOOL,1320,79,0.0598,0.9402,CHARTER,4/3/2020
KINGSWOOD ELEMENTARY,491,28,0.057,0.943,ELEMENTARY,4/3/2020
PEPIN ACADEMIES,807,46,0.057,0.943,CHARTER,4/3/2020
THOMPSON ELEMENTARY,772,43,0.0557,0.9443,ELEMENTARY,4/3/2020
COMMUNITY CHARTER SCHOOL OF EX,252,14,0.0556,0.9444,CHARTER,4/3/2020
TEMPLE TERRACE ELEMENTARY,593,32,0.054,0.946,ELEMENTARY,4/3/2020
YATES ELEMENTARY,706,38,0.0538,0.9462,ELEMENTARY,4/3/2020
RCMA WIMAUMA ACADEMY,226,12,0.0531,0.9469,CHARTER,4/3/2020
WHARTON HIGH SCHOOL,2184,116,0.0531,0.9469,HIGH,4/3/2020
FOREST HILLS ELEMENTARY,777,41,0.0528,0.9472,ELEMENTARY,4/3/2020
MADISON MIDDLE SCHOOL,683,36,0.0527,0.9473,MIDDLE,4/3/2020
WIMAUMA ELEMENTARY,605,31,0.0512,0.9488,ELEMENTARY,4/3/2020
IPPOLITO ELEMENTARY,592,30,0.0507,0.9493,ELEMENTARY,4/3/2020
LOMAX ELEMENTARY MAGNET,350,17,0.0486,0.9514,ELEMENTARY,4/3/2020
BELL CREEK ACADEMY,564,27,0.0479,0.9521,CHARTER,4/3/2020
BAILEY ELEMENTARY,761,35,0.046,0.954,ELEMENTARY,4/3/2020
PIERCE MIDDLE SCHOOL,921,42,0.0456,0.9544,MIDDLE,4/3/2020
LOPEZ EXCEPTIONAL CENTER,66,3,0.0455,0.9545,ALTERNATIVE,4/3/2020
BUCHANAN MIDDLE SCHOOL,749,34,0.0454,0.9546,MIDDLE,4/3/2020
TRAPNELL ELEMENTARY,575,25,0.0435,0.9565,ELEMENTARY,4/3/2020
JAMES ELEMENTARY,554,24,0.0433,0.9567,ELEMENTARY,4/3/2020
KNIGHTS ELEMENTARY,780,33,0.0423,0.9577,ELEMENTARY,4/3/2020
SEMINOLE ELEMENTARY,426,18,0.0423,0.9577,ELEMENTARY,4/3/2020
DAVIS ELEMENTARY,692,28,0.0405,0.9595,ELEMENTARY,4/3/2020
TAMPA BAY BOULEVARD ELEMENTARY,634,25,0.0394,0.9606,ELEMENTARY,4/3/2020
BLOOMINGDALE HIGH SCHOOL,2369,89,0.0376,0.9624,HIGH,4/3/2020
CANNELLA ELEMENTARY,645,24,0.0372,0.9628,ELEMENTARY,4/3/2020
SPRINGHEAD ELEMENTARY,831,30,0.0361,0.9639,ELEMENTARY,4/3/2020
SHEEHY ELEMENTARY,367,13,0.0354,0.9646,ELEMENTARY,4/3/2020
WILSON ELEMENTARY,363,12,0.0331,0.9669,ELEMENTARY,4/3/2020
JACKSON ELEMENTARY,549,18,0.0328,0.9672,ELEMENTARY,4/3/2020
KIMBELL ELEMENTARY,433,14,0.0323,0.9677,ELEMENTARY,4/3/2020
SIMMONS EXCEPTIONAL CENTER,31,1,0.0323,0.9677,ALTERNATIVE,4/3/2020
CORR ELEMENTARY,761,24,0.0315,0.9685,ELEMENTARY,4/3/2020
GRAHAM ELEMENTARY,359,11,0.0306,0.9694,ELEMENTARY,4/3/2020
TWIN LAKES ELEMENTARY,658,20,0.0304,0.9696,ELEMENTARY,4/3/2020
COLSON ELEMENTARY,696,21,0.0302,0.9698,ELEMENTARY,4/3/2020
MULRENNAN MIDDLE SCHOOL,1362,41,0.0301,0.9699,MIDDLE,4/3/2020
MENDENHALL ELEMENTARY,537,16,0.0298,0.9702,ELEMENTARY,4/3/2020
VALRICO ELEMENTARY,806,24,0.0298,0.9702,ELEMENTARY,4/3/2020
MORGAN WOODS ELEMENTARY,477,14,0.0294,0.9706,ELEMENTARY,4/3/2020
REDDICK ELEMENTARY,932,27,0.029,0.971,ELEMENTARY,4/3/2020
MULLER ELEMENTARY MAGNET,421,12,0.0285,0.9715,ELEMENTARY,4/3/2020
DOVER ELEMENTARY,672,19,0.0283,0.9717,ELEMENTARY,4/3/2020
NORTH TAMPA EPIC3 CENTER,109,3,0.0275,0.9725,ALTERNATIVE,4/3/2020
LEARNING GATE COMMUNITY,777,21,0.027,0.973,CHARTER,4/3/2020
MANN MIDDLE SCHOOL,900,24,0.0267,0.9733,MIDDLE,4/3/2020
POTTER ELEMENTARY,531,14,0.0264,0.9736,ELEMENTARY,4/3/2020
SEFFNER ELEMENTARY,454,12,0.0264,0.9736,ELEMENTARY,4/3/2020
MANGO ELEMENTARY,731,19,0.026,0.974,ELEMENTARY,4/3/2020
TAMPA PALMS ELEMENTARY,883,23,0.026,0.974,ELEMENTARY,4/3/2020
STRAWBERRY CREST HIGH SCHOOL,2247,58,0.0258,0.9742,HIGH,4/3/2020
JUST ELEMENTARY,272,7,0.0257,0.9743,ELEMENTARY,4/3/2020
TOWN AND COUNTRY ELEMENTARY,446,11,0.0247,0.9753,ELEMENTARY,4/3/2020
PALM RIVER ELEMENTARY,537,13,0.0242,0.9758,ELEMENTARY,4/3/2020
MCLANE MIDDLE SCHOOL,715,17,0.0238,0.9762,MIDDLE,4/3/2020
YOUNG MIDDLE MAGNET,609,14,0.023,0.977,MIDDLE,4/3/2020
WOODBRIDGE ELEMENTARY,656,15,0.0229,0.9771,ELEMENTARY,4/3/2020
KIDS COMMU COLLEGE RIVERVIEW S,571,13,0.0228,0.9772,CHARTER,4/3/2020
EGYPT LAKE ELEMENTARY,485,11,0.0227,0.9773,ELEMENTARY,4/3/2020
CHIARAMONTE ELEMENTARY,371,8,0.0216,0.9784,ELEMENTARY,4/3/2020
GIBSONTON ELEMENTARY,557,12,0.0215,0.9785,ELEMENTARY,4/3/2020
CARVER EXCEPTIONAL CENTER,47,1,0.0213,0.9787,ALTERNATIVE,4/3/2020
FOLSOM ELEMENTARY,470,10,0.0213,0.9787,ELEMENTARY,4/3/2020
TAMPA HEIGHTS ELEM MAGNET,293,6,0.0205,0.9795,ELEMENTARY,4/3/2020
TURNER BARTELS K-8,1759,36,0.0205,0.9795,ALTERNATIVE,4/3/2020
FROST ELEMENTARY,548,11,0.0201,0.9799,ELEMENTARY,4/3/2020
CAMINITI EXCEPTIONAL CENTER,100,2,0.02,0.98,ALTERNATIVE,4/3/2020
GORRIE ELEMENTARY,567,11,0.0194,0.9806,ELEMENTARY,4/3/2020
BUCKHORN ELEMENTARY,781,15,0.0192,0.9808,ELEMENTARY,4/3/2020
CHAMBERLAIN HIGH SCHOOL,1415,27,0.0191,0.9809,HIGH,4/3/2020
TRINITY SCHOOL FOR CHILDREN,890,17,0.0191,0.9809,CHARTER,4/3/2020
DAVIDSEN MIDDLE SCHOOL,1068,20,0.0187,0.9813,MIDDLE,4/3/2020
BLAKE HIGH SCHOOL,1663,31,0.0186,0.9814,HIGH,4/3/2020
SIMMONS CAREER CENTER,219,4,0.0183,0.9817,ALTERNATIVE,4/3/2020
BAY CREST ELEMENTARY,607,11,0.0181,0.9819,ELEMENTARY,4/3/2020
NELSON ELEMENTARY,777,14,0.018,0.982,ELEMENTARY,4/3/2020
SCHMIDT ELEMENTARY,634,11,0.0174,0.9826,ELEMENTARY,4/3/2020
WEST SHORE ELEMENTARY,403,7,0.0174,0.9826,ELEMENTARY,4/3/2020
LOWRY ELEMENTARY,925,16,0.0173,0.9827,ELEMENTARY,4/3/2020
LITHIA SPRINGS ELEMENTARY,641,11,0.0172,0.9828,ELEMENTARY,4/3/2020
LOPEZ ELEMENTARY,582,10,0.0172,0.9828,ELEMENTARY,4/3/2020
BRANDON HIGH SCHOOL,1736,29,0.0167,0.9833,HIGH,4/3/2020
HILLSBOROUGH ACAD MATH SCIENCE,844,14,0.0166,0.9834,CHARTER,4/3/2020
ALONSO HIGH SCHOOL,2499,41,0.0164,0.9836,HIGH,4/3/2020
EAST TAMPA ACADEMY,61,1,0.0164,0.9836,CHARTER,4/3/2020
LIBERTY MIDDLE SCHOOL,1157,19,0.0164,0.9836,MIDDLE,4/3/2020
HILLSBOROUGH HIGH SCHOOL,1799,28,0.0156,0.9844,HIGH,4/3/2020
LANIER ELEMENTARY,388,6,0.0155,0.9845,ELEMENTARY,4/3/2020
FREEDOM HIGH SCHOOL,1746,26,0.0149,0.9851,HIGH,4/3/2020
SUMMERFIELD ELEMENTARY,813,12,0.0148,0.9852,ELEMENTARY,4/3/2020
SYMMES ELEMENTARY,478,7,0.0146,0.9854,ELEMENTARY,4/3/2020
BROOKER ELEMENTARY,916,13,0.0142,0.9858,ELEMENTARY,4/3/2020
HERITAGE ELEMENTARY,563,8,0.0142,0.9858,ELEMENTARY,4/3/2020
FERRELL (GIRLS) MIDDLE MAGNET,572,8,0.014,0.986,MIDDLE,4/3/2020
APOLLO BEACH ELEMENTARY,658,9,0.0137,0.9863,ELEMENTARY,4/3/2020
CRESTWOOD ELEMENTARY,875,12,0.0137,0.9863,ELEMENTARY,4/3/2020
JEFFERSON HIGH SCHOOL,1615,22,0.0136,0.9864,HIGH,4/3/2020
SOUTH COUNTY CAREER CENTER,223,3,0.0135,0.9865,ALTERNATIVE,4/3/2020
RIVERVIEW ELEMENTARY,600,8,0.0133,0.9867,ELEMENTARY,4/3/2020
BURNETT MIDDLE SCHOOL,771,10,0.013,0.987,MIDDLE,4/3/2020
ESE HOSPITAL/HOMEBOUND,155,2,0.0129,0.9871,ALTERNATIVE,4/3/2020
DOBY ELEMENTARY,869,11,0.0127,0.9873,ELEMENTARY,4/3/2020
TAMPA BAY TECH HIGH SCHOOL,2044,26,0.0127,0.9873,HIGH,4/3/2020
COLEMAN MIDDLE SCHOOL,1030,13,0.0126,0.9874,MIDDLE,4/3/2020
SLIGH MIDDLE SCHOOL,556,7,0.0126,0.9874,MIDDLE,4/3/2020
BOYETTE SPRINGS ELEMENTARY,809,10,0.0124,0.9876,ELEMENTARY,4/3/2020
PRIDE ELEMENTARY,807,10,0.0124,0.9876,ELEMENTARY,4/3/2020
DESOTO ELEMENTARY,256,3,0.0117,0.9883,ELEMENTARY,4/3/2020
SUMMERFIELD CROSSINGS ELEM,1027,12,0.0117,0.9883,ELEMENTARY,4/3/2020
WESTCHASE ELEMENTARY,956,11,0.0115,0.9885,ELEMENTARY,4/3/2020
DOWDELL MIDDLE SCHOOL,615,7,0.0114,0.9886,MIDDLE,4/3/2020
WILLIAMS MIDDLE SCHOOL,807,9,0.0112,0.9888,MIDDLE,4/3/2020
CLAYWELL ELEMENTARY,730,8,0.011,0.989,ELEMENTARY,4/3/2020
WALDEN LAKE ELEMENTARY,828,9,0.0109,0.9891,ELEMENTARY,4/3/2020
AVANT GARDE ACADEMY,373,4,0.0107,0.9893,CHARTER,4/3/2020
CARROLLWOOD ELEMENTARY,757,8,0.0106,0.9894,ELEMENTARY,4/3/2020
CLARK ELEMENTARY,864,9,0.0104,0.9896,ELEMENTARY,4/3/2020
RANDALL MIDDLE SCHOOL,1473,15,0.0102,0.9898,MIDDLE,4/3/2020
CORK ELEMENTARY,694,7,0.0101,0.9899,ELEMENTARY,4/3/2020
BENITO MIDDLE SCHOOL,1108,11,0.0099,0.9901,MIDDLE,4/3/2020
LIMONA ELEMENTARY,611,6,0.0098,0.9902,ELEMENTARY,4/3/2020
DURANT HIGH SCHOOL,2410,23,0.0095,0.9905,HIGH,4/3/2020
ESSRIG ELEMENTARY,629,6,0.0095,0.9905,ELEMENTARY,4/3/2020
SHORE ELEMENTARY,423,4,0.0095,0.9905,ELEMENTARY,4/3/2020
RAMPELLO DOWNTOWN PARTNERSHIP,765,7,0.0092,0.9908,ALTERNATIVE,4/3/2020
CYPRESS CREEK ELEMENTARY,992,9,0.0091,0.9909,ELEMENTARY,4/3/2020
SMITH MIDDLE SCHOOL,777,7,0.009,0.991,MIDDLE,4/3/2020
BURNS MIDDLE SCHOOL,1383,12,0.0087,0.9913,MIDDLE,4/3/2020
RCMA LEADERSHIP ACADEMY,117,1,0.0085,0.9915,CHARTER,4/3/2020
DUNBAR ELEMENTARY,238,2,0.0084,0.9916,ELEMENTARY,4/3/2020
BELLAMY ELEMENTARY,604,5,0.0083,0.9917,ELEMENTARY,4/3/2020
BURNEY ELEMENTARY,362,3,0.0083,0.9917,ELEMENTARY,4/3/2020
OAK GROVE ELEMENTARY,840,7,0.0083,0.9917,ELEMENTARY,4/3/2020
COLLINS ELEMENTARY,1016,8,0.0079,0.9921,ELEMENTARY,4/3/2020
FRANKLIN (BOYS) MIDDLE MAGNET,513,4,0.0078,0.9922,MIDDLE,4/3/2020
LOCKHART ELEMENTARY MAGNET,384,3,0.0078,0.9922,ELEMENTARY,4/3/2020
TOMLIN MIDDLE SCHOOL,1670,13,0.0078,0.9922,MIDDLE,4/3/2020
WEBB MIDDLE SCHOOL,783,6,0.0077,0.9923,MIDDLE,4/3/2020
MARSHALL MIDDLE SCHOOL,923,7,0.0076,0.9924,MIDDLE,4/3/2020
BT WASHINGTON ELEMENTARY,441,3,0.0068,0.9932,ELEMENTARY,4/3/2020
MITCHELL ELEMENTARY,771,5,0.0065,0.9935,ELEMENTARY,4/3/2020
ALAFIA ELEMENTARY,621,4,0.0064,0.9936,ELEMENTARY,4/3/2020
CHILES ELEMENTARY,951,6,0.0063,0.9937,ELEMENTARY,4/3/2020
ROOSEVELT ELEMENTARY,790,5,0.0063,0.9937,ELEMENTARY,4/3/2020
BROWARD ELEMENTARY,331,2,0.006,0.994,ELEMENTARY,4/3/2020
NORTHWEST ELEMENTARY,707,4,0.0057,0.9943,ELEMENTARY,4/3/2020
ROBINSON ELEMENTARY,697,4,0.0057,0.9943,ELEMENTARY,4/3/2020
BARRINGTON MIDDLE SCHOOL,1618,9,0.0056,0.9944,MIDDLE,4/3/2020
MINTZ ELEMENTARY,789,4,0.0051,0.9949,ELEMENTARY,4/3/2020
CITRUS PARK ELEMENTARY,609,3,0.0049,0.9951,ELEMENTARY,4/3/2020
SESSUMS ELEMENTARY,1018,5,0.0049,0.9951,ELEMENTARY,4/3/2020
LITERACY LEADERSHIP TECH ACAD,628,3,0.0048,0.9952,CHARTER,4/3/2020
PLANT HIGH SCHOOL,2517,12,0.0048,0.9952,HIGH,4/3/2020
ROBINSON HIGH SCHOOL,1450,7,0.0048,0.9952,HIGH,4/3/2020
PIVOT CHARTER SCHOOL,212,1,0.0047,0.9953,CHARTER,4/3/2020
NAVIGATOR ACADEMY OF LEADERSHI,455,2,0.0044,0.9956,CHARTER,4/3/2020
STOWERS ELEMENTARY,901,4,0.0044,0.9956,ELEMENTARY,4/3/2020
DEER PARK ELEMENTARY,983,4,0.0041,0.9959,ELEMENTARY,4/3/2020
HAMMOND ELEMENTARY,736,3,0.0041,0.9959,ELEMENTARY,4/3/2020
HUNTER'S GREEN ELEMENTARY,734,3,0.0041,0.9959,ELEMENTARY,4/3/2020
LUTZ K-8 SCHOOL,761,3,0.0039,0.9961,ALTERNATIVE,4/3/2020
RIVERVIEW HIGH SCHOOL,2528,9,0.0036,0.9964,HIGH,4/3/2020
ALEXANDER ELEMENTARY,585,2,0.0034,0.9966,ELEMENTARY,4/3/2020
PINECREST ELEMENTARY,586,2,0.0034,0.9966,ELEMENTARY,4/3/2020
SUNLAKE ACAD OF MATH & SCIENCE,707,2,0.0028,0.9972,CHARTER,4/3/2020
MANISCALCO K-8 SCHOOL,739,2,0.0027,0.9973,ALTERNATIVE,4/3/2020
ADAMS MIDDLE SCHOOL,769,2,0.0026,0.9974,MIDDLE,4/3/2020
RUSKIN ELEMENTARY,780,2,0.0026,0.9974,ELEMENTARY,4/3/2020
WARREN HOPE DAWSON ELEMENTARY,769,2,0.0026,0.9974,ELEMENTARY,4/3/2020
STEINBRENNER HIGH SCHOOL,2511,6,0.0024,0.9976,HIGH,4/3/2020
BALLAST POINT ELEMENTARY,508,1,0.002,0.998,ELEMENTARY,4/3/2020
GRADY ELEMENTARY,537,1,0.0019,0.9981,ELEMENTARY,4/3/2020
TINKER K-8 SCHOOL,543,1,0.0018,0.9982,ALTERNATIVE,4/3/2020
FISHHAWK CREEK ELEMENTARY,1146,2,0.0017,0.9983,ELEMENTARY,4/3/2020
BROOKS DEBARTOLO COLLEGIATE,611,1,0.0016,0.9984,CHARTER,4/3/2020
SCHWARZKOPF ELEMENTARY,621,1,0.0016,0.9984,ELEMENTARY,4/3/2020
SICKLES HIGH SCHOOL,2413,3,0.0012,0.9988,HIGH,4/3/2020
PROGRESS VILLAGE MIDDLE SCHOOL,927,1,0.0011,0.9989,MIDDLE,4/3/2020
LETO HIGH SCHOOL,2028,2,0.001,0.999,HIGH,4/3/2020
FARNELL MIDDLE SCHOOL,1276,1,0.0008,0.9992,MIDDLE,4/3/2020
NEWSOME HIGH SCHOOL,2995,2,0.0007,0.9993,HIGH,4/3/2020
LENNARD HIGH SCHOOL,3190,2,0.0006,0.9994,HIGH,4/3/2020
ACTS,15,0,0,1,ALTERNATIVE,4/3/2020
AMI KIDS YES,31,0,0,1,ALTERNATIVE,4/3/2020
BEVIS ELEMENTARY,890,0,0,1,ELEMENTARY,4/3/2020
BRANDON EPIC3 CENTER,112,0,0,1,ALTERNATIVE,4/3/2020
BRYANT ELEMENTARY,962,0,0,1,ELEMENTARY,4/3/2020
CIMINO ELEMENTARY,837,0,0,1,ELEMENTARY,4/3/2020
COLUMBUS JUVENILE RESIDENTIAL,42,0,0,1,ALTERNATIVE,4/3/2020
DETENTION CENTER WEST,29,0,0,1,ALTERNATIVE,4/3/2020
EARLY CHILDHOOD PROGRAMS,1,0,0,1,ALTERNATIVE,4/3/2020
EISENHOWER MIDDLE SCHOOL,1447,0,0,1,MIDDLE,4/3/2020
ENCORE,37,0,0,1,ALTERNATIVE,4/3/2020
ESE BIRTH THROUGH AGE 5,401,0,0,1,ALTERNATIVE,4/3/2020
FALKENBURG ROAD JAIL,6,0,0,1,ALTERNATIVE,4/3/2020
FLORIDA CONNECTIONS ACADEMY,2204,0,0,1,CHARTER,4/3/2020
HENDERSON HAMMOCK CHARTER SCH,1111,0,0,1,CHARTER,4/3/2020
HILL MIDDLE SCHOOL,1079,0,0,1,MIDDLE,4/3/2020
HILLSBOROUGH GIRLS ACADEMY,18,0,0,1,ALTERNATIVE,4/3/2020
HORIZON CHARTER SCH.OF TAMPA,308,0,0,1,CHARTER,4/3/2020
KID'S COMMU COLLEGE CHARTER HS,213,0,0,1,CHARTER,4/3/2020
KIDS COMMU COLLEGE SOUTHEAST,374,0,0,1,CHARTER,4/3/2020
LAKE ACADEMY,24,0,0,1,ALTERNATIVE,4/3/2020
LAKE MAGDALENE ELEMENTARY,785,0,0,1,ELEMENTARY,4/3/2020
LAVOY EXCEPTIONAL CENTER,77,0,0,1,ALTERNATIVE,4/3/2020
LEGACY PREPARATORY ACADEMY,216,0,0,1,CHARTER,4/3/2020
LES PETERS ACADEMY,12,0,0,1,ALTERNATIVE,4/3/2020
LINCOLN ELEMENTARY MAGNET,486,0,0,1,ELEMENTARY,4/3/2020
LUTZ PREPARATORY SCHOOL,782,0,0,1,CHARTER,4/3/2020
MABRY ELEMENTARY,872,0,0,1,ELEMENTARY,4/3/2020
MACFARLANE PARK ELEM MAGNET,359,0,0,1,ELEMENTARY,4/3/2020
MARTINEZ MIDDLE SCHOOL,1236,0,0,1,MIDDLE,4/3/2020
MCKITRICK ELEMENTARY,1045,0,0,1,ELEMENTARY,4/3/2020
MEMORIAL MIDDLE SCHOOL,715,0,0,1,MIDDLE,4/3/2020
MENDEZ EXCEPTIONAL CENTER,14,0,0,1,ALTERNATIVE,4/3/2020
MONROE MIDDLE SCHOOL,378,0,0,1,MIDDLE,4/3/2020
NEW SPRINGS SCHOOL,426,0,0,1,CHARTER,4/3/2020
ORANGE GROVE MIDDLE MAGNET,497,0,0,1,MIDDLE,4/3/2020
PACE CENTER FOR GIRLS,57,0,0,1,ALTERNATIVE,4/3/2020
PLATO ACADEMY TAMPA CHARTER SC,167,0,0,1,CHARTER,4/3/2020
RIVERHILLS ELEMENTARY MAGNET,511,0,0,1,ELEMENTARY,4/3/2020
RIVERVIEW ACADEMY OF MATH SCIE,618,0,0,1,CHARTER,4/3/2020
ROLAND PARK K-8 MAGNET,803,0,0,1,ALTERNATIVE,4/3/2020
SOUTHSHORE CHARTER ACADEMY,1089,0,0,1,CHARTER,4/3/2020
STEWART MIDDLE SCHOOL,953,0,0,1,MIDDLE,4/3/2020
SULLIVAN PARTNERSHIP ELEM,98,0,0,1,ELEMENTARY,4/3/2020
TAMPA RESIDENTIAL FACILITY,44,0,0,1,ALTERNATIVE,4/3/2020
TERRACE COMMUNITY SCHOOL,657,0,0,1,CHARTER,4/3/2020
TITLE ONE PRIVATE SCHOOL,1,0,0,1,ALTERNATIVE,4/3/2020
VALRICO LAKE ADVANTAGE ACAD,919,0,0,1,CHARTER,4/3/2020
VIRT FULL-TIME-K-12 FRANCHISE,323,0,0,1,ALTERNATIVE,4/3/2020
WALKER MIDDLE MAGNET,978,0,0,1,MIDDLE,4/3/2020
WEST TAMPA ELEMENTARY,442,0,0,1,ELEMENTARY,4/3/2020
WILSON MIDDLE SCHOOL,658,0,0,1,MIDDLE,4/3/2020
WOODMONT CHARTER SCHOOL,730,0,0,1,CHARTER,4/3/2020
WEST UNIVERSITY CHARTER H.S.,279,146,0.5233,0.4767,CHARTER,4/10/2020
SEMINOLE HEIGHTS CHARTER SCH,226,106,0.469,0.531,CHARTER,4/10/2020
GAITHER HIGH SCHOOL,2052,922,0.4493,0.5507,HIGH,4/10/2020
MIDDLETON HIGH SCHOOL,1516,416,0.2744,0.7256,HIGH,4/10/2020
ADVANTAGE ACADEMY OF HILLSBORO,447,104,0.2327,0.7673,CHARTER,4/10/2020
EXCELSIOR PREP CHARTER SCHOOL,181,40,0.221,0.779,CHARTER,4/10/2020
CLEVELAND ELEMENTARY,388,76,0.1959,0.8041,ELEMENTARY,4/10/2020
BOWERS-WHITLEY CAREER CENTER,100,19,0.19,0.81,ALTERNATIVE,4/10/2020
FLORIDA AUTISM CHARTER SCHOOL,131,22,0.1679,0.8321,CHARTER,4/10/2020
EDISON ELEMENTARY,390,62,0.159,0.841,ELEMENTARY,4/10/2020
OAK PARK ELEMENTARY,518,81,0.1564,0.8436,ELEMENTARY,4/10/2020
BRIDGEPREP ACADEMY OF RIVERVIE,1051,162,0.1541,0.8459,CHARTER,4/10/2020
SULPHUR SPRINGS K-8 COMMUNITY,773,114,0.1475,0.8525,ALTERNATIVE,4/10/2020
SHAW ELEMENTARY,736,106,0.144,0.856,ELEMENTARY,4/10/2020
BING ELEMENTARY,485,69,0.1423,0.8577,ELEMENTARY,4/10/2020
SPORTS LEADERSHIP & MANAG ACAD,411,48,0.1168,0.8832,CHARTER,4/10/2020
FOSTER ELEMENTARY,450,52,0.1156,0.8844,ELEMENTARY,4/10/2020
BELL CREEK ACADEMY HIGH SCHOOL,528,59,0.1117,0.8883,CHARTER,4/10/2020
THONOTOSASSA ELEMENTARY,439,48,0.1093,0.8907,ELEMENTARY,4/10/2020
CHANNELSIDE ACAD MATH AND SCI,521,55,0.1056,0.8944,CHARTER,4/10/2020
BRYAN PLANT CITY ELEMENTARY,734,73,0.0995,0.9005,ELEMENTARY,4/10/2020
JAMES ELEMENTARY,554,55,0.0993,0.9007,ELEMENTARY,4/10/2020
DURANT HIGH SCHOOL,2413,231,0.0957,0.9043,HIGH,4/10/2020
RODGERS MIDDLE SCHOOL,868,82,0.0945,0.9055,MIDDLE,4/10/2020
MCDONALD ELEMENTARY,529,49,0.0926,0.9074,ELEMENTARY,4/10/2020
WIMAUMA ELEMENTARY,605,56,0.0926,0.9074,ELEMENTARY,4/10/2020
KENLY ELEMENTARY,489,45,0.092,0.908,ELEMENTARY,4/10/2020
LENNARD HIGH SCHOOL,3191,292,0.0915,0.9085,HIGH,4/10/2020
VILLAGE OF EXCELLENCE,241,22,0.0913,0.9087,CHARTER,4/10/2020
DR CARTER G WOODSON K-8,1085,98,0.0903,0.9097,ALTERNATIVE,4/10/2020
MORT ELEMENTARY,1025,85,0.0829,0.9171,ELEMENTARY,4/10/2020
FROST ELEMENTARY,548,44,0.0803,0.9197,ELEMENTARY,4/10/2020
PALM RIVER ELEMENTARY,537,43,0.0801,0.9199,ELEMENTARY,4/10/2020
WILLIS PETERS EXCEPTIONAL CTR,75,6,0.08,0.92,ALTERNATIVE,4/10/2020
LOPEZ EXCEPTIONAL CENTER,66,5,0.0758,0.9242,ALTERNATIVE,4/10/2020
WITTER ELEMENTARY,628,47,0.0748,0.9252,ELEMENTARY,4/10/2020
TURKEY CREEK MIDDLE SCHOOL,1087,80,0.0736,0.9264,MIDDLE,4/10/2020
INDEPENDENCE ACADEMY,942,69,0.0732,0.9268,CHARTER,4/10/2020
CLAIR MEL ELEMENTARY,557,40,0.0718,0.9282,ELEMENTARY,4/10/2020
PIZZO K-8 SCHOOL,996,71,0.0713,0.9287,ALTERNATIVE,4/10/2020
BAILEY ELEMENTARY,761,54,0.071,0.929,ELEMENTARY,4/10/2020
MILES ELEMENTARY,830,57,0.0687,0.9313,ELEMENTARY,4/10/2020
WHARTON HIGH SCHOOL,2187,150,0.0686,0.9314,HIGH,4/10/2020
TAMPA HEIGHTS ELEM MAGNET,293,20,0.0683,0.9317,ELEMENTARY,4/10/2020
ANDERSON ELEMENTARY,381,26,0.0682,0.9318,ELEMENTARY,4/10/2020
LAMB ELEMENTARY,677,46,0.0679,0.9321,ELEMENTARY,4/10/2020
CREEKSIDE CHARTER ACADEMY,650,42,0.0646,0.9354,CHARTER,4/10/2020
KINGSWOOD ELEMENTARY,491,31,0.0631,0.9369,ELEMENTARY,4/10/2020
WATERSET CHARTER SCHOOL,1135,71,0.0626,0.9374,CHARTER,4/10/2020
SPOTO HIGH SCHOOL,1637,102,0.0623,0.9377,HIGH,4/10/2020
BELL CREEK ACADEMY,564,35,0.0621,0.9379,CHARTER,4/10/2020
BRIDGEPREP ACADEMY OF TAMPA,342,21,0.0614,0.9386,CHARTER,4/10/2020
WINTHROP CHARTER SCHOOL,1320,77,0.0583,0.9417,CHARTER,4/10/2020
PIVOT CHARTER SCHOOL,212,12,0.0566,0.9434,CHARTER,4/10/2020
SHIELDS MIDDLE SCHOOL,1840,100,0.0543,0.9457,MIDDLE,4/10/2020
PLANT CITY HIGH SCHOOL,2294,124,0.0541,0.9459,HIGH,4/10/2020
LOPEZ ELEMENTARY,583,31,0.0532,0.9468,ELEMENTARY,4/10/2020
GRAHAM ELEMENTARY,359,19,0.0529,0.9471,ELEMENTARY,4/10/2020
DICKENSON ELEMENTARY,633,33,0.0521,0.9479,ELEMENTARY,4/10/2020
SLAM ACADEMY AT APOLLO BEACH,538,28,0.052,0.948,CHARTER,4/10/2020
DOROTHY THOMAS EXCEPTIONAL CTR,58,3,0.0517,0.9483,ALTERNATIVE,4/10/2020
COMMUNITY CHARTER SCHOOL OF EX,252,13,0.0516,0.9484,CHARTER,4/10/2020
SEMINOLE ELEMENTARY,426,22,0.0516,0.9484,ELEMENTARY,4/10/2020
YATES ELEMENTARY,706,36,0.051,0.949,ELEMENTARY,4/10/2020
DUNBAR ELEMENTARY,238,12,0.0504,0.9496,ELEMENTARY,4/10/2020
KING HIGH SCHOOL,1709,85,0.0497,0.9503,HIGH,4/10/2020
LEWIS ELEMENTARY,788,39,0.0495,0.9505,ELEMENTARY,4/10/2020
BUCHANAN MIDDLE SCHOOL,750,37,0.0493,0.9507,MIDDLE,4/10/2020
EAST TAMPA ACADEMY,61,3,0.0492,0.9508,CHARTER,4/10/2020
RCMA WIMAUMA ACADEMY,226,11,0.0487,0.9513,CHARTER,4/10/2020
BROWARD ELEMENTARY,329,16,0.0486,0.9514,ELEMENTARY,4/10/2020
SYMMES ELEMENTARY,478,23,0.0481,0.9519,ELEMENTARY,4/10/2020
THOMPSON ELEMENTARY,771,37,0.048,0.952,ELEMENTARY,4/10/2020
EAST BAY HIGH SCHOOL,2384,112,0.047,0.953,HIGH,4/10/2020
LANIER ELEMENTARY,390,18,0.0462,0.9538,ELEMENTARY,4/10/2020
SIMMONS CAREER CENTER,219,10,0.0457,0.9543,ALTERNATIVE,4/10/2020
TEMPLE TERRACE ELEMENTARY,593,27,0.0455,0.9545,ELEMENTARY,4/10/2020
GIBSONTON ELEMENTARY,557,25,0.0449,0.9551,ELEMENTARY,4/10/2020
TAMPA BAY BOULEVARD ELEMENTARY,634,28,0.0442,0.9558,ELEMENTARY,4/10/2020
SEFFNER ELEMENTARY,454,20,0.0441,0.9559,ELEMENTARY,4/10/2020
BT WASHINGTON ELEMENTARY,443,19,0.0429,0.9571,ELEMENTARY,4/10/2020
BURNETT MIDDLE SCHOOL,772,33,0.0427,0.9573,MIDDLE,4/10/2020
GRECO MIDDLE SCHOOL,864,36,0.0417,0.9583,MIDDLE,4/10/2020
FOREST HILLS ELEMENTARY,776,32,0.0412,0.9588,ELEMENTARY,4/10/2020
SPRINGHEAD ELEMENTARY,829,34,0.041,0.959,ELEMENTARY,4/10/2020
WEST SHORE ELEMENTARY,403,16,0.0397,0.9603,ELEMENTARY,4/10/2020
DOVER ELEMENTARY,662,26,0.0393,0.9607,ELEMENTARY,4/10/2020
JENNINGS MIDDLE SCHOOL,721,28,0.0388,0.9612,MIDDLE,4/10/2020
SHEEHY ELEMENTARY,367,14,0.0381,0.9619,ELEMENTARY,4/10/2020
THE COLLABORATORY PREP ACADEMY,106,4,0.0377,0.9623,CHARTER,4/10/2020
FOCUS ACADEMY,108,4,0.037,0.963,CHARTER,4/10/2020
CORR ELEMENTARY,761,28,0.0368,0.9632,ELEMENTARY,4/10/2020
SLIGH MIDDLE SCHOOL,556,20,0.036,0.964,MIDDLE,4/10/2020
TOWN AND COUNTRY ELEMENTARY,444,16,0.036,0.964,ELEMENTARY,4/10/2020
PLATO ACADEMY TAMPA CHARTER SC,167,6,0.0359,0.9641,CHARTER,4/10/2020
BLAKE HIGH SCHOOL,1663,59,0.0355,0.9645,HIGH,4/10/2020
RIVERVIEW ACADEMY OF MATH SCIE,618,21,0.034,0.966,CHARTER,4/10/2020
MORGAN WOODS ELEMENTARY,478,16,0.0335,0.9665,ELEMENTARY,4/10/2020
CHAMBERLAIN HIGH SCHOOL,1416,47,0.0332,0.9668,HIGH,4/10/2020
REDDICK ELEMENTARY,932,30,0.0322,0.9678,ELEMENTARY,4/10/2020
RUSKIN ELEMENTARY,780,25,0.0321,0.9679,ELEMENTARY,4/10/2020
SUMMERFIELD ELEMENTARY,813,26,0.032,0.968,ELEMENTARY,4/10/2020
DAVIS ELEMENTARY,692,22,0.0318,0.9682,ELEMENTARY,4/10/2020
MANGO ELEMENTARY,732,23,0.0314,0.9686,ELEMENTARY,4/10/2020
SCHMIDT ELEMENTARY,637,20,0.0314,0.9686,ELEMENTARY,4/10/2020
BURNEY ELEMENTARY,362,11,0.0304,0.9696,ELEMENTARY,4/10/2020
VALRICO ELEMENTARY,803,24,0.0299,0.9701,ELEMENTARY,4/10/2020
FOLSOM ELEMENTARY,470,14,0.0298,0.9702,ELEMENTARY,4/10/2020
AVANT GARDE ACADEMY,373,11,0.0295,0.9705,CHARTER,4/10/2020
KNIGHTS ELEMENTARY,780,23,0.0295,0.9705,ELEMENTARY,4/10/2020
ROBINSON ELEMENTARY,697,20,0.0287,0.9713,ELEMENTARY,4/10/2020
CYPRESS CREEK ELEMENTARY,991,28,0.0283,0.9717,ELEMENTARY,4/10/2020
MCLANE MIDDLE SCHOOL,716,20,0.0279,0.9721,MIDDLE,4/10/2020
DOWDELL MIDDLE SCHOOL,615,17,0.0276,0.9724,MIDDLE,4/10/2020
WOODBRIDGE ELEMENTARY,657,18,0.0274,0.9726,ELEMENTARY,4/10/2020
IPPOLITO ELEMENTARY,592,16,0.027,0.973,ELEMENTARY,4/10/2020
RIVERVIEW ELEMENTARY,600,16,0.0267,0.9733,ELEMENTARY,4/10/2020
STRAWBERRY CREST HIGH SCHOOL,2247,59,0.0263,0.9737,HIGH,4/10/2020
MENDENHALL ELEMENTARY,537,14,0.0261,0.9739,ELEMENTARY,4/10/2020
PIERCE MIDDLE SCHOOL,921,24,0.0261,0.9739,MIDDLE,4/10/2020
RAMPELLO DOWNTOWN PARTNERSHIP,765,20,0.0261,0.9739,ALTERNATIVE,4/10/2020
BRANDON HIGH SCHOOL,1735,45,0.0259,0.9741,HIGH,4/10/2020
FRANKLIN (BOYS) MIDDLE MAGNET,513,13,0.0253,0.9747,MIDDLE,4/10/2020
CRESTWOOD ELEMENTARY,875,22,0.0251,0.9749,ELEMENTARY,4/10/2020
MULLER ELEMENTARY MAGNET,421,10,0.0238,0.9762,ELEMENTARY,4/10/2020
CANNELLA ELEMENTARY,645,15,0.0233,0.9767,ELEMENTARY,4/10/2020
ALONSO HIGH SCHOOL,2499,58,0.0232,0.9768,HIGH,4/10/2020
BELLAMY ELEMENTARY,604,14,0.0232,0.9768,ELEMENTARY,4/10/2020
COLSON ELEMENTARY,697,16,0.023,0.977,ELEMENTARY,4/10/2020
LOMAX ELEMENTARY MAGNET,350,8,0.0229,0.9771,ELEMENTARY,4/10/2020
JUST ELEMENTARY,272,6,0.0221,0.9779,ELEMENTARY,4/10/2020
WILSON ELEMENTARY,363,8,0.022,0.978,ELEMENTARY,4/10/2020
NELSON ELEMENTARY,777,17,0.0219,0.9781,ELEMENTARY,4/10/2020
BUCKHORN ELEMENTARY,781,17,0.0218,0.9782,ELEMENTARY,4/10/2020
MARSHALL MIDDLE SCHOOL,923,20,0.0217,0.9783,MIDDLE,4/10/2020
KIMBELL ELEMENTARY,433,9,0.0208,0.9792,ELEMENTARY,4/10/2020
LOWRY ELEMENTARY,925,19,0.0205,0.9795,ELEMENTARY,4/10/2020
SUMMERFIELD CROSSINGS ELEM,1027,21,0.0204,0.9796,ELEMENTARY,4/10/2020
HILLSBOROUGH ACAD MATH SCIENCE,845,17,0.0201,0.9799,CHARTER,4/10/2020
PEPIN ACADEMIES,807,16,0.0198,0.9802,CHARTER,4/10/2020
TWIN LAKES ELEMENTARY,658,13,0.0198,0.9802,ELEMENTARY,4/10/2020
DESOTO ELEMENTARY,255,5,0.0196,0.9804,ELEMENTARY,4/10/2020
TAMPA PALMS ELEMENTARY,883,17,0.0193,0.9807,ELEMENTARY,4/10/2020
JACKSON ELEMENTARY,549,10,0.0182,0.9818,ELEMENTARY,4/10/2020
BENITO MIDDLE SCHOOL,1108,20,0.0181,0.9819,MIDDLE,4/10/2020
NORTH TAMPA EPIC3 CENTER,112,2,0.0179,0.9821,ALTERNATIVE,4/10/2020
MADISON MIDDLE SCHOOL,683,12,0.0176,0.9824,MIDDLE,4/10/2020
JEFFERSON HIGH SCHOOL,1615,28,0.0173,0.9827,HIGH,4/10/2020
WALTON ACADEMY,180,3,0.0167,0.9833,CHARTER,4/10/2020
TURNER BARTELS K-8,1762,29,0.0165,0.9835,ALTERNATIVE,4/10/2020
HAMMOND ELEMENTARY,736,12,0.0163,0.9837,ELEMENTARY,4/10/2020
HILLSBOROUGH HIGH SCHOOL,1799,28,0.0156,0.9844,HIGH,4/10/2020
OAK GROVE ELEMENTARY,841,13,0.0155,0.9845,ELEMENTARY,4/10/2020
POTTER ELEMENTARY,529,8,0.0151,0.9849,ELEMENTARY,4/10/2020
MANN MIDDLE SCHOOL,900,13,0.0144,0.9856,MIDDLE,4/10/2020
HERITAGE ELEMENTARY,563,8,0.0142,0.9858,ELEMENTARY,4/10/2020
LEARNING GATE COMMUNITY,777,11,0.0142,0.9858,CHARTER,4/10/2020
LAKE MAGDALENE ELEMENTARY,785,11,0.014,0.986,ELEMENTARY,4/10/2020
WEBB MIDDLE SCHOOL,783,11,0.014,0.986,MIDDLE,4/10/2020
TRAPNELL ELEMENTARY,574,8,0.0139,0.9861,ELEMENTARY,4/10/2020
LIBERTY MIDDLE SCHOOL,1158,16,0.0138,0.9862,MIDDLE,4/10/2020
CHILES ELEMENTARY,949,13,0.0137,0.9863,ELEMENTARY,4/10/2020
WALDEN LAKE ELEMENTARY,828,11,0.0133,0.9867,ELEMENTARY,4/10/2020
NAVIGATOR ACADEMY OF LEADERSHI,455,6,0.0132,0.9868,CHARTER,4/10/2020
SESSUMS ELEMENTARY,1018,13,0.0128,0.9872,ELEMENTARY,4/10/2020
DOBY ELEMENTARY,869,11,0.0127,0.9873,ELEMENTARY,4/10/2020
TOMLIN MIDDLE SCHOOL,1670,21,0.0126,0.9874,MIDDLE,4/10/2020
KIDS COMMU COLLEGE RIVERVIEW S,571,7,0.0123,0.9877,CHARTER,4/10/2020
MANISCALCO K-8 SCHOOL,739,9,0.0122,0.9878,ALTERNATIVE,4/10/2020
BROOKER ELEMENTARY,916,11,0.012,0.988,ELEMENTARY,4/10/2020
COLEMAN MIDDLE SCHOOL,1030,12,0.0117,0.9883,MIDDLE,4/10/2020
NORTHWEST ELEMENTARY,707,8,0.0113,0.9887,ELEMENTARY,4/10/2020
DAVIDSEN MIDDLE SCHOOL,1069,12,0.0112,0.9888,MIDDLE,4/10/2020
BOYETTE SPRINGS ELEMENTARY,809,9,0.0111,0.9889,ELEMENTARY,4/10/2020
CLAYWELL ELEMENTARY,730,8,0.011,0.989,ELEMENTARY,4/10/2020
LITHIA SPRINGS ELEMENTARY,639,7,0.011,0.989,ELEMENTARY,4/10/2020
BURNS MIDDLE SCHOOL,1383,15,0.0108,0.9892,MIDDLE,4/10/2020
CHIARAMONTE ELEMENTARY,371,4,0.0108,0.9892,ELEMENTARY,4/10/2020
CARROLLWOOD ELEMENTARY,757,8,0.0106,0.9894,ELEMENTARY,4/10/2020
FERRELL (GIRLS) MIDDLE MAGNET,572,6,0.0105,0.9895,MIDDLE,4/10/2020
SUNLAKE ACAD OF MATH & SCIENCE,706,7,0.0099,0.9901,CHARTER,4/10/2020
WILLIAMS MIDDLE SCHOOL,807,8,0.0099,0.9901,MIDDLE,4/10/2020
LIMONA ELEMENTARY,611,6,0.0098,0.9902,ELEMENTARY,4/10/2020
VILLAGE OF EXCELLENCE MS,102,1,0.0098,0.9902,CHARTER,4/10/2020
BRANDON EPIC3 CENTER,112,1,0.0089,0.9911,ALTERNATIVE,4/10/2020
GORRIE ELEMENTARY,566,5,0.0088,0.9912,ELEMENTARY,4/10/2020
RANDALL MIDDLE SCHOOL,1473,13,0.0088,0.9912,MIDDLE,4/10/2020
PRIDE ELEMENTARY,808,7,0.0087,0.9913,ELEMENTARY,4/10/2020
ALEXANDER ELEMENTARY,586,5,0.0085,0.9915,ELEMENTARY,4/10/2020
RCMA LEADERSHIP ACADEMY,117,1,0.0085,0.9915,CHARTER,4/10/2020
WATERS CAREER CENTER,121,1,0.0083,0.9917,ALTERNATIVE,4/10/2020
CITRUS PARK ELEMENTARY,609,5,0.0082,0.9918,ELEMENTARY,4/10/2020
RIVERVIEW HIGH SCHOOL,2527,20,0.0079,0.9921,HIGH,4/10/2020
MINTZ ELEMENTARY,787,6,0.0076,0.9924,ELEMENTARY,4/10/2020
WESTCHASE ELEMENTARY,957,7,0.0073,0.9927,ELEMENTARY,4/10/2020
SHORE ELEMENTARY,423,3,0.0071,0.9929,ELEMENTARY,4/10/2020
ROBLES ELEMENTARY,761,5,0.0066,0.9934,ELEMENTARY,4/10/2020
ESE HOSPITAL/HOMEBOUND,153,1,0.0065,0.9935,ALTERNATIVE,4/10/2020
HORIZON CHARTER SCH.OF TAMPA,308,2,0.0065,0.9935,CHARTER,4/10/2020
ALAFIA ELEMENTARY,621,4,0.0064,0.9936,ELEMENTARY,4/10/2020
APOLLO BEACH ELEMENTARY,658,4,0.0061,0.9939,ELEMENTARY,4/10/2020
PLANT HIGH SCHOOL,2517,15,0.006,0.994,HIGH,4/10/2020
STEINBRENNER HIGH SCHOOL,2510,15,0.006,0.994,HIGH,4/10/2020
HILL MIDDLE SCHOOL,1079,6,0.0056,0.9944,MIDDLE,4/10/2020
LOCKHART ELEMENTARY MAGNET,384,2,0.0052,0.9948,ELEMENTARY,4/10/2020
LUTZ K-8 SCHOOL,762,4,0.0052,0.9948,ALTERNATIVE,4/10/2020
WARREN HOPE DAWSON ELEMENTARY,769,4,0.0052,0.9948,ELEMENTARY,4/10/2020
DEER PARK ELEMENTARY,985,5,0.0051,0.9949,ELEMENTARY,4/10/2020
MULRENNAN MIDDLE SCHOOL,1360,7,0.0051,0.9949,MIDDLE,4/10/2020
TAMPA BAY TECH HIGH SCHOOL,2044,10,0.0049,0.9951,HIGH,4/10/2020
WEST TAMPA ELEMENTARY,442,2,0.0045,0.9955,ELEMENTARY,4/10/2020
HUNTER'S GREEN ELEMENTARY,734,3,0.0041,0.9959,ELEMENTARY,4/10/2020
COLLINS ELEMENTARY,1017,4,0.0039,0.9961,ELEMENTARY,4/10/2020
SMITH MIDDLE SCHOOL,777,3,0.0039,0.9961,MIDDLE,4/10/2020
TINKER K-8 SCHOOL,543,2,0.0037,0.9963,ALTERNATIVE,4/10/2020
TRINITY SCHOOL FOR CHILDREN,890,3,0.0034,0.9966,CHARTER,4/10/2020
BAY CREST ELEMENTARY,607,2,0.0033,0.9967,ELEMENTARY,4/10/2020
STOWERS ELEMENTARY,900,3,0.0033,0.9967,ELEMENTARY,4/10/2020
YOUNG MIDDLE MAGNET,609,2,0.0033,0.9967,MIDDLE,4/10/2020
ESSRIG ELEMENTARY,629,2,0.0032,0.9968,ELEMENTARY,4/10/2020
LITERACY LEADERSHIP TECH ACAD,628,2,0.0032,0.9968,CHARTER,4/10/2020
STEWART MIDDLE SCHOOL,953,3,0.0031,0.9969,MIDDLE,4/10/2020
ROBINSON HIGH SCHOOL,1451,4,0.0028,0.9972,HIGH,4/10/2020
FISHHAWK CREEK ELEMENTARY,1144,3,0.0026,0.9974,ELEMENTARY,4/10/2020
MITCHELL ELEMENTARY,771,2,0.0026,0.9974,ELEMENTARY,4/10/2020
MONROE MIDDLE SCHOOL,378,1,0.0026,0.9974,MIDDLE,4/10/2020
BLOOMINGDALE HIGH SCHOOL,2368,6,0.0025,0.9975,HIGH,4/10/2020
CLARK ELEMENTARY,865,2,0.0023,0.9977,ELEMENTARY,4/10/2020
FREEDOM HIGH SCHOOL,1746,4,0.0023,0.9977,HIGH,4/10/2020
EGYPT LAKE ELEMENTARY,485,1,0.0021,0.9979,ELEMENTARY,4/10/2020
PINECREST ELEMENTARY,589,1,0.0017,0.9983,ELEMENTARY,4/10/2020
CORK ELEMENTARY,691,1,0.0014,0.9986,ELEMENTARY,4/10/2020
CIMINO ELEMENTARY,837,1,0.0012,0.9988,ELEMENTARY,4/10/2020
MABRY ELEMENTARY,872,1,0.0011,0.9989,ELEMENTARY,4/10/2020
WALKER MIDDLE MAGNET,978,1,0.001,0.999,MIDDLE,4/10/2020
FARNELL MIDDLE SCHOOL,1276,1,0.0008,0.9992,MIDDLE,4/10/2020
ACTS,15,0,0,1,ALTERNATIVE,4/10/2020
ADAMS MIDDLE SCHOOL,769,0,0,1,MIDDLE,4/10/2020
AMI KIDS YES,31,0,0,1,ALTERNATIVE,4/10/2020
ARMWOOD HIGH SCHOOL,2168,0,0,1,HIGH,4/10/2020
BALLAST POINT ELEMENTARY,508,0,0,1,ELEMENTARY,4/10/2020
BARRINGTON MIDDLE SCHOOL,1618,0,0,1,MIDDLE,4/10/2020
BEVIS ELEMENTARY,890,0,0,1,ELEMENTARY,4/10/2020
BROOKS DEBARTOLO COLLEGIATE,611,0,0,1,CHARTER,4/10/2020
BRYANT ELEMENTARY,962,0,0,1,ELEMENTARY,4/10/2020
CAMINITI EXCEPTIONAL CENTER,100,0,0,1,ALTERNATIVE,4/10/2020
CARVER EXCEPTIONAL CENTER,47,0,0,1,ALTERNATIVE,4/10/2020
COLUMBUS JUVENILE RESIDENTIAL,41,0,0,1,ALTERNATIVE,4/10/2020
DETENTION CENTER WEST,27,0,0,1,ALTERNATIVE,4/10/2020
DR KIRAN C PATEL HIGH SCHOOL,241,0,0,1,CHARTER,4/10/2020
EARLY CHILDHOOD PROGRAMS,1,0,0,1,ALTERNATIVE,4/10/2020
EISENHOWER MIDDLE SCHOOL,1447,0,0,1,MIDDLE,4/10/2020
ENCORE,37,0,0,1,ALTERNATIVE,4/10/2020
ESE BIRTH THROUGH AGE 5,398,0,0,1,ALTERNATIVE,4/10/2020
FALKENBURG ROAD JAIL,6,0,0,1,ALTERNATIVE,4/10/2020
FLORIDA CONNECTIONS ACADEMY,2199,0,0,1,CHARTER,4/10/2020
GIUNTA MIDDLE SCHOOL,814,0,0,1,MIDDLE,4/10/2020
GRADY ELEMENTARY,537,0,0,1,ELEMENTARY,4/10/2020
HENDERSON HAMMOCK CHARTER SCH,1111,0,0,1,CHARTER,4/10/2020
HILLSBOROUGH GIRLS ACADEMY,17,0,0,1,ALTERNATIVE,4/10/2020
KID'S COMMU COLLEGE CHARTER HS,213,0,0,1,CHARTER,4/10/2020
KIDS COMM COLLEGE SOUTHEAST MI,207,0,0,1,CHARTER,4/10/2020
KIDS COMMU COLLEGE SOUTHEAST,374,0,0,1,CHARTER,4/10/2020
LAKE ACADEMY,24,0,0,1,ALTERNATIVE,4/10/2020
LAVOY EXCEPTIONAL CENTER,77,0,0,1,ALTERNATIVE,4/10/2020
LEGACY PREPARATORY ACADEMY,216,0,0,1,CHARTER,4/10/2020
LES PETERS ACADEMY,12,0,0,1,ALTERNATIVE,4/10/2020
LETO HIGH SCHOOL,2027,0,0,1,HIGH,4/10/2020
LINCOLN ELEMENTARY MAGNET,486,0,0,1,ELEMENTARY,4/10/2020
LUTZ PREPARATORY SCHOOL,782,0,0,1,CHARTER,4/10/2020
MACFARLANE PARK ELEM MAGNET,358,0,0,1,ELEMENTARY,4/10/2020
MARTINEZ MIDDLE SCHOOL,1237,0,0,1,MIDDLE,4/10/2020
MCKITRICK ELEMENTARY,1047,0,0,1,ELEMENTARY,4/10/2020
MEMORIAL MIDDLE SCHOOL,715,0,0,1,MIDDLE,4/10/2020
MENDEZ EXCEPTIONAL CENTER,14,0,0,1,ALTERNATIVE,4/10/2020
NEW SPRINGS SCHOOL,426,0,0,1,CHARTER,4/10/2020
NEWSOME HIGH SCHOOL,2995,0,0,1,HIGH,4/10/2020
ORANGE GROVE MIDDLE MAGNET,497,0,0,1,MIDDLE,4/10/2020
PACE CENTER FOR GIRLS,58,0,0,1,ALTERNATIVE,4/10/2020
PROGRESS VILLAGE MIDDLE SCHOOL,927,0,0,1,MIDDLE,4/10/2020
RIVERHILLS ELEMENTARY MAGNET,511,0,0,1,ELEMENTARY,4/10/2020
ROLAND PARK K-8 MAGNET,803,0,0,1,ALTERNATIVE,4/10/2020
ROOSEVELT ELEMENTARY,790,0,0,1,ELEMENTARY,4/10/2020
SCHWARZKOPF ELEMENTARY,621,0,0,1,ELEMENTARY,4/10/2020
SICKLES HIGH SCHOOL,2414,0,0,1,HIGH,4/10/2020
SIMMONS EXCEPTIONAL CENTER,32,0,0,1,ALTERNATIVE,4/10/2020
SOUTH COUNTY CAREER CENTER,223,0,0,1,ALTERNATIVE,4/10/2020
SOUTHSHORE CHARTER ACADEMY,1089,0,0,1,CHARTER,4/10/2020
SULLIVAN PARTNERSHIP ELEM,98,0,0,1,ELEMENTARY,4/10/2020
TAMPA RESIDENTIAL FACILITY,43,0,0,1,ALTERNATIVE,4/10/2020
TERRACE COMMUNITY SCHOOL,657,0,0,1,CHARTER,4/10/2020
TITLE ONE PRIVATE SCHOOL,1,0,0,1,ALTERNATIVE,4/10/2020
VALRICO LAKE ADVANTAGE ACAD,919,0,0,1,CHARTER,4/10/2020
VIRT FULL-TIME-K-12 FRANCHISE,323,0,0,1,ALTERNATIVE,4/10/2020
WILSON MIDDLE SCHOOL,657,0,0,1,MIDDLE,4/10/2020
WOODMONT CHARTER SCHOOL,730,0,0,1,CHARTER,4/10/2020
SPORTS LEADERSHIP & MANAG ACAD,411,193,0.4696,0.5304,CHARTER,4/17/2020
SLAM ACADEMY AT APOLLO BEACH,538,96,0.1784,0.8216,CHARTER,4/17/2020
OAK PARK ELEMENTARY,518,73,0.1409,0.8591,ELEMENTARY,4/17/2020
DESOTO ELEMENTARY,255,34,0.1333,0.8667,ELEMENTARY,4/17/2020
SHAW ELEMENTARY,736,96,0.1304,0.8696,ELEMENTARY,4/17/2020
VILLAGE OF EXCELLENCE,241,28,0.1162,0.8838,CHARTER,4/17/2020
EAST BAY HIGH SCHOOL,2390,254,0.1063,0.8937,HIGH,4/17/2020
TURKEY CREEK MIDDLE SCHOOL,1087,115,0.1058,0.8942,MIDDLE,4/17/2020
WIMAUMA ELEMENTARY,605,62,0.1025,0.8975,ELEMENTARY,4/17/2020
MORT ELEMENTARY,1025,79,0.0771,0.9229,ELEMENTARY,4/17/2020
PIVOT CHARTER SCHOOL,212,16,0.0755,0.9245,CHARTER,4/17/2020
BOWERS-WHITLEY CAREER CENTER,100,7,0.07,0.93,ALTERNATIVE,4/17/2020
CLAIR MEL ELEMENTARY,557,38,0.0682,0.9318,ELEMENTARY,4/17/2020
BRYAN PLANT CITY ELEMENTARY,733,47,0.0641,0.9359,ELEMENTARY,4/17/2020
JUST ELEMENTARY,272,17,0.0625,0.9375,ELEMENTARY,4/17/2020
LOPEZ EXCEPTIONAL CENTER,66,4,0.0606,0.9394,ALTERNATIVE,4/17/2020
MEMORIAL MIDDLE SCHOOL,715,43,0.0601,0.9399,MIDDLE,4/17/2020
TRAPNELL ELEMENTARY,572,34,0.0594,0.9406,ELEMENTARY,4/17/2020
YATES ELEMENTARY,706,40,0.0567,0.9433,ELEMENTARY,4/17/2020
WITTER ELEMENTARY,628,35,0.0557,0.9443,ELEMENTARY,4/17/2020
BURNETT MIDDLE SCHOOL,771,37,0.048,0.952,MIDDLE,4/17/2020
BROWARD ELEMENTARY,330,15,0.0455,0.9545,ELEMENTARY,4/17/2020
JACKSON ELEMENTARY,549,25,0.0455,0.9545,ELEMENTARY,4/17/2020
CHAMBERLAIN HIGH SCHOOL,1416,63,0.0445,0.9555,HIGH,4/17/2020
SHEEHY ELEMENTARY,367,16,0.0436,0.9564,ELEMENTARY,4/17/2020
FOREST HILLS ELEMENTARY,776,33,0.0425,0.9575,ELEMENTARY,4/17/2020
GIBSONTON ELEMENTARY,557,23,0.0413,0.9587,ELEMENTARY,4/17/2020
PIERCE MIDDLE SCHOOL,922,37,0.0401,0.9599,MIDDLE,4/17/2020
MANGO ELEMENTARY,732,29,0.0396,0.9604,ELEMENTARY,4/17/2020
LOCKHART ELEMENTARY MAGNET,384,15,0.0391,0.9609,ELEMENTARY,4/17/2020
PALM RIVER ELEMENTARY,537,21,0.0391,0.9609,ELEMENTARY,4/17/2020
MILES ELEMENTARY,829,32,0.0386,0.9614,ELEMENTARY,4/17/2020
LEWIS ELEMENTARY,788,28,0.0355,0.9645,ELEMENTARY,4/17/2020
MARSHALL MIDDLE SCHOOL,922,32,0.0347,0.9653,MIDDLE,4/17/2020
TAMPA HEIGHTS ELEM MAGNET,293,10,0.0341,0.9659,ELEMENTARY,4/17/2020
DOROTHY THOMAS EXCEPTIONAL CTR,59,2,0.0339,0.9661,ALTERNATIVE,4/17/2020
SCHMIDT ELEMENTARY,637,21,0.033,0.967,ELEMENTARY,4/17/2020
EAST TAMPA ACADEMY,61,2,0.0328,0.9672,CHARTER,4/17/2020
SPRINGHEAD ELEMENTARY,829,27,0.0326,0.9674,ELEMENTARY,4/17/2020
LOMAX ELEMENTARY MAGNET,350,11,0.0314,0.9686,ELEMENTARY,4/17/2020
TAMPA BAY BOULEVARD ELEMENTARY,634,19,0.03,0.97,ELEMENTARY,4/17/2020
LOPEZ ELEMENTARY,583,17,0.0292,0.9708,ELEMENTARY,4/17/2020
SHORE ELEMENTARY,423,12,0.0284,0.9716,ELEMENTARY,4/17/2020
MENDENHALL ELEMENTARY,537,15,0.0279,0.9721,ELEMENTARY,4/17/2020
COMMUNITY CHARTER SCHOOL OF EX,252,7,0.0278,0.9722,CHARTER,4/17/2020
FOCUS ACADEMY,108,3,0.0278,0.9722,CHARTER,4/17/2020
WALDEN LAKE ELEMENTARY,828,23,0.0278,0.9722,ELEMENTARY,4/17/2020
BRIDGEPREP ACADEMY OF RIVERVIE,1051,29,0.0276,0.9724,CHARTER,4/17/2020
DAVIS ELEMENTARY,692,19,0.0275,0.9725,ELEMENTARY,4/17/2020
NORTH TAMPA EPIC3 CENTER,112,3,0.0268,0.9732,ALTERNATIVE,4/17/2020
WILLIS PETERS EXCEPTIONAL CTR,75,2,0.0267,0.9733,ALTERNATIVE,4/17/2020
MULLER ELEMENTARY MAGNET,421,11,0.0261,0.9739,ELEMENTARY,4/17/2020
KNIGHTS ELEMENTARY,780,20,0.0256,0.9744,ELEMENTARY,4/17/2020
GRAHAM ELEMENTARY,359,9,0.0251,0.9749,ELEMENTARY,4/17/2020
SHIELDS MIDDLE SCHOOL,1841,46,0.025,0.975,MIDDLE,4/17/2020
TOWN AND COUNTRY ELEMENTARY,444,11,0.0248,0.9752,ELEMENTARY,4/17/2020
BUCHANAN MIDDLE SCHOOL,752,18,0.0239,0.9761,MIDDLE,4/17/2020
BAY CREST ELEMENTARY,607,14,0.0231,0.9769,ELEMENTARY,4/17/2020
BUCKHORN ELEMENTARY,781,18,0.023,0.977,ELEMENTARY,4/17/2020
DOWDELL MIDDLE SCHOOL,616,14,0.0227,0.9773,MIDDLE,4/17/2020
CRESTWOOD ELEMENTARY,875,19,0.0217,0.9783,ELEMENTARY,4/17/2020
COLSON ELEMENTARY,697,15,0.0215,0.9785,ELEMENTARY,4/17/2020
FOLSOM ELEMENTARY,470,10,0.0213,0.9787,ELEMENTARY,4/17/2020
GAITHER HIGH SCHOOL,2054,43,0.0209,0.9791,HIGH,4/17/2020
RUSKIN ELEMENTARY,780,16,0.0205,0.9795,ELEMENTARY,4/17/2020
ROBINSON ELEMENTARY,697,14,0.0201,0.9799,ELEMENTARY,4/17/2020
VILLAGE OF EXCELLENCE MS,102,2,0.0196,0.9804,CHARTER,4/17/2020
TAMPA PALMS ELEMENTARY,884,17,0.0192,0.9808,ELEMENTARY,4/17/2020
OAK GROVE ELEMENTARY,842,16,0.019,0.981,ELEMENTARY,4/17/2020
AVANT GARDE ACADEMY,373,7,0.0188,0.9812,CHARTER,4/17/2020
LOWRY ELEMENTARY,925,16,0.0173,0.9827,ELEMENTARY,4/17/2020
PLANT CITY HIGH SCHOOL,2294,38,0.0166,0.9834,HIGH,4/17/2020
WATERS CAREER CENTER,121,2,0.0165,0.9835,ALTERNATIVE,4/17/2020
CHIARAMONTE ELEMENTARY,371,6,0.0162,0.9838,ELEMENTARY,4/17/2020
CHILES ELEMENTARY,949,15,0.0158,0.9842,ELEMENTARY,4/17/2020
ANDERSON ELEMENTARY,381,6,0.0157,0.9843,ELEMENTARY,4/17/2020
LAKE MAGDALENE ELEMENTARY,785,12,0.0153,0.9847,ELEMENTARY,4/17/2020
MADISON MIDDLE SCHOOL,683,10,0.0146,0.9854,MIDDLE,4/17/2020
CANNELLA ELEMENTARY,645,9,0.014,0.986,ELEMENTARY,4/17/2020
BELLAMY ELEMENTARY,606,8,0.0132,0.9868,ELEMENTARY,4/17/2020
CITRUS PARK ELEMENTARY,610,8,0.0131,0.9869,ELEMENTARY,4/17/2020
CORR ELEMENTARY,761,10,0.0131,0.9869,ELEMENTARY,4/17/2020
CORK ELEMENTARY,691,9,0.013,0.987,ELEMENTARY,4/17/2020
MULRENNAN MIDDLE SCHOOL,1359,17,0.0125,0.9875,MIDDLE,4/17/2020
CLAYWELL ELEMENTARY,730,9,0.0123,0.9877,ELEMENTARY,4/17/2020
GIUNTA MIDDLE SCHOOL,814,10,0.0123,0.9877,MIDDLE,4/17/2020
MANISCALCO K-8 SCHOOL,737,9,0.0122,0.9878,ALTERNATIVE,4/17/2020
BROOKER ELEMENTARY,916,11,0.012,0.988,ELEMENTARY,4/17/2020
WILSON ELEMENTARY,363,4,0.011,0.989,ELEMENTARY,4/17/2020
MORGAN WOODS ELEMENTARY,478,5,0.0105,0.9895,ELEMENTARY,4/17/2020
SYMMES ELEMENTARY,478,5,0.0105,0.9895,ELEMENTARY,4/17/2020
BING ELEMENTARY,485,5,0.0103,0.9897,ELEMENTARY,4/17/2020
KENLY ELEMENTARY,491,5,0.0102,0.9898,ELEMENTARY,4/17/2020
TOMLIN MIDDLE SCHOOL,1669,17,0.0102,0.9898,MIDDLE,4/17/2020
TEMPLE TERRACE ELEMENTARY,593,6,0.0101,0.9899,ELEMENTARY,4/17/2020
SIMMONS CAREER CENTER,219,2,0.0091,0.9909,ALTERNATIVE,4/17/2020
NELSON ELEMENTARY,777,7,0.009,0.991,ELEMENTARY,4/17/2020
HERITAGE ELEMENTARY,562,5,0.0089,0.9911,ELEMENTARY,4/17/2020
MINTZ ELEMENTARY,785,7,0.0089,0.9911,ELEMENTARY,4/17/2020
NORTHWEST ELEMENTARY,705,6,0.0085,0.9915,ELEMENTARY,4/17/2020
JENNINGS MIDDLE SCHOOL,721,6,0.0083,0.9917,MIDDLE,4/17/2020
HAMMOND ELEMENTARY,736,6,0.0082,0.9918,ELEMENTARY,4/17/2020
DOVER ELEMENTARY,661,5,0.0076,0.9924,ELEMENTARY,4/17/2020
BOYETTE SPRINGS ELEMENTARY,811,6,0.0074,0.9926,ELEMENTARY,4/17/2020
KING HIGH SCHOOL,1715,12,0.007,0.993,HIGH,4/17/2020
THONOTOSASSA ELEMENTARY,437,3,0.0069,0.9931,ELEMENTARY,4/17/2020
BLAKE HIGH SCHOOL,1663,11,0.0066,0.9934,HIGH,4/17/2020
YOUNG MIDDLE MAGNET,609,4,0.0066,0.9934,MIDDLE,4/17/2020
MITCHELL ELEMENTARY,771,5,0.0065,0.9935,ELEMENTARY,4/17/2020
ALAFIA ELEMENTARY,621,4,0.0064,0.9936,ELEMENTARY,4/17/2020
WEBB MIDDLE SCHOOL,784,5,0.0064,0.9936,MIDDLE,4/17/2020
RANDALL MIDDLE SCHOOL,1473,9,0.0061,0.9939,MIDDLE,4/17/2020
COLLINS ELEMENTARY,1017,6,0.0059,0.9941,ELEMENTARY,4/17/2020
DAVIDSEN MIDDLE SCHOOL,1067,6,0.0056,0.9944,MIDDLE,4/17/2020
BLOOMINGDALE HIGH SCHOOL,2369,13,0.0055,0.9945,HIGH,4/17/2020
HUNTER'S GREEN ELEMENTARY,735,4,0.0054,0.9946,ELEMENTARY,4/17/2020
INDEPENDENCE ACADEMY,942,5,0.0053,0.9947,CHARTER,4/17/2020
ROBLES ELEMENTARY,761,4,0.0053,0.9947,ELEMENTARY,4/17/2020
RIVERVIEW ELEMENTARY,600,3,0.005,0.995,ELEMENTARY,4/17/2020
VALRICO ELEMENTARY,803,4,0.005,0.995,ELEMENTARY,4/17/2020
MARTINEZ MIDDLE SCHOOL,1237,6,0.0049,0.9951,MIDDLE,4/17/2020
LIBERTY MIDDLE SCHOOL,1158,5,0.0043,0.9957,MIDDLE,4/17/2020
MCDONALD ELEMENTARY,529,2,0.0038,0.9962,ELEMENTARY,4/17/2020
JEFFERSON HIGH SCHOOL,1615,6,0.0037,0.9963,HIGH,4/17/2020
WILLIAMS MIDDLE SCHOOL,807,3,0.0037,0.9963,MIDDLE,4/17/2020
FROST ELEMENTARY,548,2,0.0036,0.9964,ELEMENTARY,4/17/2020
STOWERS ELEMENTARY,900,3,0.0033,0.9967,ELEMENTARY,4/17/2020
PROGRESS VILLAGE MIDDLE SCHOOL,927,3,0.0032,0.9968,MIDDLE,4/17/2020
REDDICK ELEMENTARY,932,3,0.0032,0.9968,ELEMENTARY,4/17/2020
LITHIA SPRINGS ELEMENTARY,640,2,0.0031,0.9969,ELEMENTARY,4/17/2020
DEER PARK ELEMENTARY,986,3,0.003,0.997,ELEMENTARY,4/17/2020
TWIN LAKES ELEMENTARY,658,2,0.003,0.997,ELEMENTARY,4/17/2020
BRANDON HIGH SCHOOL,1735,5,0.0029,0.9971,HIGH,4/17/2020
SUMMERFIELD CROSSINGS ELEM,1027,3,0.0029,0.9971,ELEMENTARY,4/17/2020
TAMPA BAY TECH HIGH SCHOOL,2044,6,0.0029,0.9971,HIGH,4/17/2020
FARNELL MIDDLE SCHOOL,1276,3,0.0024,0.9976,MIDDLE,4/17/2020
CLARK ELEMENTARY,866,2,0.0023,0.9977,ELEMENTARY,4/17/2020
TURNER BARTELS K-8,1762,4,0.0023,0.9977,ALTERNATIVE,4/17/2020
BURNS MIDDLE SCHOOL,1383,3,0.0022,0.9978,MIDDLE,4/17/2020
EGYPT LAKE ELEMENTARY,485,1,0.0021,0.9979,ELEMENTARY,4/17/2020
POTTER ELEMENTARY,529,1,0.0019,0.9981,ELEMENTARY,4/17/2020
GORRIE ELEMENTARY,566,1,0.0018,0.9982,ELEMENTARY,4/17/2020
TERRACE COMMUNITY SCHOOL,657,1,0.0015,0.9985,CHARTER,4/17/2020
LUTZ PREPARATORY SCHOOL,782,1,0.0013,0.9987,CHARTER,4/17/2020
ROOSEVELT ELEMENTARY,790,1,0.0013,0.9987,ELEMENTARY,4/17/2020
CIMINO ELEMENTARY,837,1,0.0012,0.9988,ELEMENTARY,4/17/2020
STEINBRENNER HIGH SCHOOL,2509,2,0.0008,0.9992,HIGH,4/17/2020
WHARTON HIGH SCHOOL,2188,1,0.0005,0.9995,HIGH,4/17/2020
PLANT HIGH SCHOOL,2515,1,0.0004,0.9996,HIGH,4/17/2020
RIVERVIEW HIGH SCHOOL,2526,1,0.0004,0.9996,HIGH,4/17/2020
SICKLES HIGH SCHOOL,2414,1,0.0004,0.9996,HIGH,4/17/2020
ACTS,15,0,0,1,ALTERNATIVE,4/17/2020
ADAMS MIDDLE SCHOOL,772,0,0,1,MIDDLE,4/17/2020
ADVANTAGE ACADEMY OF HILLSBORO,447,0,0,1,CHARTER,4/17/2020
ALEXANDER ELEMENTARY,586,0,0,1,ELEMENTARY,4/17/2020
ALONSO HIGH SCHOOL,2497,0,0,1,HIGH,4/17/2020
AMI KIDS YES,31,0,0,1,ALTERNATIVE,4/17/2020
APOLLO BEACH ELEMENTARY,658,0,0,1,ELEMENTARY,4/17/2020
ARMWOOD HIGH SCHOOL,2166,0,0,1,HIGH,4/17/2020
BAILEY ELEMENTARY,759,0,0,1,ELEMENTARY,4/17/2020
BALLAST POINT ELEMENTARY,508,0,0,1,ELEMENTARY,4/17/2020
BARRINGTON MIDDLE SCHOOL,1618,0,0,1,MIDDLE,4/17/2020
BELL CREEK ACADEMY,564,0,0,1,CHARTER,4/17/2020
BELL CREEK ACADEMY HIGH SCHOOL,528,0,0,1,CHARTER,4/17/2020
BENITO MIDDLE SCHOOL,1109,0,0,1,MIDDLE,4/17/2020
BEVIS ELEMENTARY,890,0,0,1,ELEMENTARY,4/17/2020
BRANDON EPIC3 CENTER,113,0,0,1,ALTERNATIVE,4/17/2020
BRIDGEPREP ACADEMY OF TAMPA,342,0,0,1,CHARTER,4/17/2020
BROOKS DEBARTOLO COLLEGIATE,611,0,0,1,CHARTER,4/17/2020
BRYANT ELEMENTARY,961,0,0,1,ELEMENTARY,4/17/2020
BT WASHINGTON ELEMENTARY,440,0,0,1,ELEMENTARY,4/17/2020
BURNEY ELEMENTARY,362,0,0,1,ELEMENTARY,4/17/2020
CAMINITI EXCEPTIONAL CENTER,100,0,0,1,ALTERNATIVE,4/17/2020
CARROLLWOOD ELEMENTARY,757,0,0,1,ELEMENTARY,4/17/2020
CARVER EXCEPTIONAL CENTER,46,0,0,1,ALTERNATIVE,4/17/2020
CHANNELSIDE ACAD MATH AND SCI,521,0,0,1,CHARTER,4/17/2020
CLEVELAND ELEMENTARY,388,0,0,1,ELEMENTARY,4/17/2020
COLEMAN MIDDLE SCHOOL,1030,0,0,1,MIDDLE,4/17/2020
COLUMBUS JUVENILE RESIDENTIAL,37,0,0,1,ALTERNATIVE,4/17/2020
CREEKSIDE CHARTER ACADEMY,649,0,0,1,CHARTER,4/17/2020
CYPRESS CREEK ELEMENTARY,991,0,0,1,ELEMENTARY,4/17/2020
DETENTION CENTER WEST,23,0,0,1,ALTERNATIVE,4/17/2020
DICKENSON ELEMENTARY,634,0,0,1,ELEMENTARY,4/17/2020
DOBY ELEMENTARY,869,0,0,1,ELEMENTARY,4/17/2020
DR CARTER G WOODSON K-8,1085,0,0,1,ALTERNATIVE,4/17/2020
DR KIRAN C PATEL HIGH SCHOOL,241,0,0,1,CHARTER,4/17/2020
DUNBAR ELEMENTARY,238,0,0,1,ELEMENTARY,4/17/2020
DURANT HIGH SCHOOL,2412,0,0,1,HIGH,4/17/2020
EARLY CHILDHOOD PROGRAMS,1,0,0,1,ALTERNATIVE,4/17/2020
EDISON ELEMENTARY,390,0,0,1,ELEMENTARY,4/17/2020
EISENHOWER MIDDLE SCHOOL,1449,0,0,1,MIDDLE,4/17/2020
ENCORE,37,0,0,1,ALTERNATIVE,4/17/2020
ESE BIRTH THROUGH AGE 5,397,0,0,1,ALTERNATIVE,4/17/2020
ESE HOSPITAL/HOMEBOUND,153,0,0,1,ALTERNATIVE,4/17/2020
ESSRIG ELEMENTARY,629,0,0,1,ELEMENTARY,4/17/2020
EXCELSIOR PREP CHARTER SCHOOL,182,0,0,1,CHARTER,4/17/2020
FALKENBURG ROAD JAIL,6,0,0,1,ALTERNATIVE,4/17/2020
FERRELL (GIRLS) MIDDLE MAGNET,572,0,0,1,MIDDLE,4/17/2020
FISHHAWK CREEK ELEMENTARY,1141,0,0,1,ELEMENTARY,4/17/2020
FLORIDA AUTISM CHARTER SCHOOL,131,0,0,1,CHARTER,4/17/2020
FLORIDA CONNECTIONS ACADEMY,2196,0,0,1,CHARTER,4/17/2020
FOSTER ELEMENTARY,450,0,0,1,ELEMENTARY,4/17/2020
FRANKLIN (BOYS) MIDDLE MAGNET,513,0,0,1,MIDDLE,4/17/2020
FREEDOM HIGH SCHOOL,1745,0,0,1,HIGH,4/17/2020
GRADY ELEMENTARY,538,0,0,1,ELEMENTARY,4/17/2020
GRECO MIDDLE SCHOOL,865,0,0,1,MIDDLE,4/17/2020
HENDERSON HAMMOCK CHARTER SCH,1111,0,0,1,CHARTER,4/17/2020
HILL MIDDLE SCHOOL,1079,0,0,1,MIDDLE,4/17/2020
HILLSBOROUGH ACAD MATH SCIENCE,845,0,0,1,CHARTER,4/17/2020
HILLSBOROUGH GIRLS ACADEMY,17,0,0,1,ALTERNATIVE,4/17/2020
HILLSBOROUGH HIGH SCHOOL,1799,0,0,1,HIGH,4/17/2020
HORIZON CHARTER SCH.OF TAMPA,307,0,0,1,CHARTER,4/17/2020
IPPOLITO ELEMENTARY,592,0,0,1,ELEMENTARY,4/17/2020
JAMES ELEMENTARY,554,0,0,1,ELEMENTARY,4/17/2020
KID'S COMMU COLLEGE CHARTER HS,213,0,0,1,CHARTER,4/17/2020
KIDS COMM COLLEGE SOUTHEAST MI,207,0,0,1,CHARTER,4/17/2020
KIDS COMMU COLLEGE RIVERVIEW S,571,0,0,1,CHARTER,4/17/2020
KIDS COMMU COLLEGE SOUTHEAST,374,0,0,1,CHARTER,4/17/2020
KIMBELL ELEMENTARY,430,0,0,1,ELEMENTARY,4/17/2020
KINGSWOOD ELEMENTARY,492,0,0,1,ELEMENTARY,4/17/2020
LAKE ACADEMY,24,0,0,1,ALTERNATIVE,4/17/2020
LAMB ELEMENTARY,679,0,0,1,ELEMENTARY,4/17/2020
LANIER ELEMENTARY,390,0,0,1,ELEMENTARY,4/17/2020
LAVOY EXCEPTIONAL CENTER,77,0,0,1,ALTERNATIVE,4/17/2020
LEARNING GATE COMMUNITY,777,0,0,1,CHARTER,4/17/2020
LEGACY PREPARATORY ACADEMY,216,0,0,1,CHARTER,4/17/2020
LENNARD HIGH SCHOOL,3190,0,0,1,HIGH,4/17/2020
LES PETERS ACADEMY,12,0,0,1,ALTERNATIVE,4/17/2020
LETO HIGH SCHOOL,2027,0,0,1,HIGH,4/17/2020
LIMONA ELEMENTARY,611,0,0,1,ELEMENTARY,4/17/2020
LINCOLN ELEMENTARY MAGNET,486,0,0,1,ELEMENTARY,4/17/2020
LITERACY LEADERSHIP TECH ACAD,628,0,0,1,CHARTER,4/17/2020
LUTZ K-8 SCHOOL,762,0,0,1,ALTERNATIVE,4/17/2020
MABRY ELEMENTARY,872,0,0,1,ELEMENTARY,4/17/2020
MACFARLANE PARK ELEM MAGNET,358,0,0,1,ELEMENTARY,4/17/2020
MANN MIDDLE SCHOOL,900,0,0,1,MIDDLE,4/17/2020
MCKITRICK ELEMENTARY,1047,0,0,1,ELEMENTARY,4/17/2020
MCLANE MIDDLE SCHOOL,717,0,0,1,MIDDLE,4/17/2020
MENDEZ EXCEPTIONAL CENTER,14,0,0,1,ALTERNATIVE,4/17/2020
MIDDLETON HIGH SCHOOL,1515,0,0,1,HIGH,4/17/2020
MONROE MIDDLE SCHOOL,378,0,0,1,MIDDLE,4/17/2020
NAVIGATOR ACADEMY OF LEADERSHI,455,0,0,1,CHARTER,4/17/2020
NEW SPRINGS SCHOOL,426,0,0,1,CHARTER,4/17/2020
NEWSOME HIGH SCHOOL,2995,0,0,1,HIGH,4/17/2020
ORANGE GROVE MIDDLE MAGNET,497,0,0,1,MIDDLE,4/17/2020
PACE CENTER FOR GIRLS,58,0,0,1,ALTERNATIVE,4/17/2020
PEPIN ACADEMIES,807,0,0,1,CHARTER,4/17/2020
PINECREST ELEMENTARY,590,0,0,1,ELEMENTARY,4/17/2020
PIZZO K-8 SCHOOL,996,0,0,1,ALTERNATIVE,4/17/2020
PLATO ACADEMY TAMPA CHARTER SC,167,0,0,1,CHARTER,4/17/2020
PRIDE ELEMENTARY,808,0,0,1,ELEMENTARY,4/17/2020
RAMPELLO DOWNTOWN PARTNERSHIP,765,0,0,1,ALTERNATIVE,4/17/2020
RCMA LEADERSHIP ACADEMY,117,0,0,1,CHARTER,4/17/2020
RCMA WIMAUMA ACADEMY,226,0,0,1,CHARTER,4/17/2020
RIVERHILLS ELEMENTARY MAGNET,509,0,0,1,ELEMENTARY,4/17/2020
RIVERVIEW ACADEMY OF MATH SCIE,618,0,0,1,CHARTER,4/17/2020
ROBINSON HIGH SCHOOL,1451,0,0,1,HIGH,4/17/2020
RODGERS MIDDLE SCHOOL,867,0,0,1,MIDDLE,4/17/2020
ROLAND PARK K-8 MAGNET,801,0,0,1,ALTERNATIVE,4/17/2020
SCHWARZKOPF ELEMENTARY,621,0,0,1,ELEMENTARY,4/17/2020
SEFFNER ELEMENTARY,454,0,0,1,ELEMENTARY,4/17/2020
SEMINOLE ELEMENTARY,426,0,0,1,ELEMENTARY,4/17/2020
SEMINOLE HEIGHTS CHARTER SCH,227,0,0,1,CHARTER,4/17/2020
SESSUMS ELEMENTARY,1019,0,0,1,ELEMENTARY,4/17/2020
SIMMONS EXCEPTIONAL CENTER,31,0,0,1,ALTERNATIVE,4/17/2020
SLIGH MIDDLE SCHOOL,556,0,0,1,MIDDLE,4/17/2020
SMITH MIDDLE SCHOOL,778,0,0,1,MIDDLE,4/17/2020
SOUTH COUNTY CAREER CENTER,224,0,0,1,ALTERNATIVE,4/17/2020
SOUTHSHORE CHARTER ACADEMY,1089,0,0,1,CHARTER,4/17/2020
SPOTO HIGH SCHOOL,1640,0,0,1,HIGH,4/17/2020
STEWART MIDDLE SCHOOL,953,0,0,1,MIDDLE,4/17/2020
STRAWBERRY CREST HIGH SCHOOL,2245,0,0,1,HIGH,4/17/2020
SULLIVAN PARTNERSHIP ELEM,98,0,0,1,ELEMENTARY,4/17/2020
SULPHUR SPRINGS K-8 COMMUNITY,773,0,0,1,ALTERNATIVE,4/17/2020
SUMMERFIELD ELEMENTARY,814,0,0,1,ELEMENTARY,4/17/2020
SUNLAKE ACAD OF MATH & SCIENCE,705,0,0,1,CHARTER,4/17/2020
TAMPA RESIDENTIAL FACILITY,42,0,0,1,ALTERNATIVE,4/17/2020
THE COLLABORATORY PREP ACADEMY,106,0,0,1,CHARTER,4/17/2020
THOMPSON ELEMENTARY,772,0,0,1,ELEMENTARY,4/17/2020
TINKER K-8 SCHOOL,543,0,0,1,ALTERNATIVE,4/17/2020
TITLE ONE PRIVATE SCHOOL,1,0,0,1,ALTERNATIVE,4/17/2020
TRINITY SCHOOL FOR CHILDREN,890,0,0,1,CHARTER,4/17/2020
VALRICO LAKE ADVANTAGE ACAD,919,0,0,1,CHARTER,4/17/2020
VIRT FULL-TIME-K-12 FRANCHISE,323,0,0,1,ALTERNATIVE,4/17/2020
WALKER MIDDLE MAGNET,978,0,0,1,MIDDLE,4/17/2020
WALTON ACADEMY,180,0,0,1,CHARTER,4/17/2020
WARREN HOPE DAWSON ELEMENTARY,769,0,0,1,ELEMENTARY,4/17/2020
WATERSET CHARTER SCHOOL,1135,0,0,1,CHARTER,4/17/2020
WEST SHORE ELEMENTARY,402,0,0,1,ELEMENTARY,4/17/2020
WEST TAMPA ELEMENTARY,442,0,0,1,ELEMENTARY,4/17/2020
WEST UNIVERSITY CHARTER H.S.,277,0,0,1,CHARTER,4/17/2020
WESTCHASE ELEMENTARY,959,0,0,1,ELEMENTARY,4/17/2020
WILSON MIDDLE SCHOOL,657,0,0,1,MIDDLE,4/17/2020
WINTHROP CHARTER SCHOOL,1320,0,0,1,CHARTER,4/17/2020
WOODBRIDGE ELEMENTARY,657,0,0,1,ELEMENTARY,4/17/2020
WOODMONT CHARTER SCHOOL,730,0,0,1,CHARTER,4/17/2020
SPORTS LEADERSHIP & MANAG ACAD,411,163,0.3966,0.6034,CHARTER,4/24/2020
OAK PARK ELEMENTARY,518,142,0.2741,0.7259,ELEMENTARY,4/24/2020
DURANT HIGH SCHOOL,2410,344,0.1427,0.8573,HIGH,4/24/2020
EDISON ELEMENTARY,390,52,0.1333,0.8667,ELEMENTARY,4/24/2020
GIBSONTON ELEMENTARY,557,73,0.1311,0.8689,ELEMENTARY,4/24/2020
KENLY ELEMENTARY,491,62,0.1263,0.8737,ELEMENTARY,4/24/2020
WIMAUMA ELEMENTARY,603,72,0.1194,0.8806,ELEMENTARY,4/24/2020
MILES ELEMENTARY,831,99,0.1191,0.8809,ELEMENTARY,4/24/2020
PIVOT CHARTER SCHOOL,212,24,0.1132,0.8868,CHARTER,4/24/2020
GIUNTA MIDDLE SCHOOL,814,87,0.1069,0.8931,MIDDLE,4/24/2020
BING ELEMENTARY,485,51,0.1052,0.8948,ELEMENTARY,4/24/2020
JUST ELEMENTARY,272,28,0.1029,0.8971,ELEMENTARY,4/24/2020
DR CARTER G WOODSON K-8,1083,110,0.1016,0.8984,ALTERNATIVE,4/24/2020
JAMES ELEMENTARY,554,54,0.0975,0.9025,ELEMENTARY,4/24/2020
EAST BAY HIGH SCHOOL,2390,232,0.0971,0.9029,HIGH,4/24/2020
TRAPNELL ELEMENTARY,571,52,0.0911,0.9089,ELEMENTARY,4/24/2020
SLAM ACADEMY AT APOLLO BEACH,538,48,0.0892,0.9108,CHARTER,4/24/2020
FOSTER ELEMENTARY,450,40,0.0889,0.9111,ELEMENTARY,4/24/2020
MEMORIAL MIDDLE SCHOOL,716,61,0.0852,0.9148,MIDDLE,4/24/2020
MORT ELEMENTARY,1025,87,0.0849,0.9151,ELEMENTARY,4/24/2020
SULPHUR SPRINGS K-8 COMMUNITY,773,65,0.0841,0.9159,ALTERNATIVE,4/24/2020
CLEVELAND ELEMENTARY,389,30,0.0771,0.9229,ELEMENTARY,4/24/2020
SHIELDS MIDDLE SCHOOL,1840,140,0.0761,0.9239,MIDDLE,4/24/2020
GRAHAM ELEMENTARY,359,27,0.0752,0.9248,ELEMENTARY,4/24/2020
BOWERS-WHITLEY CAREER CENTER,100,7,0.07,0.93,ALTERNATIVE,4/24/2020
DICKENSON ELEMENTARY,634,44,0.0694,0.9306,ELEMENTARY,4/24/2020
DESOTO ELEMENTARY,253,17,0.0672,0.9328,ELEMENTARY,4/24/2020
KINGSWOOD ELEMENTARY,493,33,0.0669,0.9331,ELEMENTARY,4/24/2020
SIMMONS EXCEPTIONAL CENTER,30,2,0.0667,0.9333,ALTERNATIVE,4/24/2020
FOREST HILLS ELEMENTARY,775,48,0.0619,0.9381,ELEMENTARY,4/24/2020
BRIDGEPREP ACADEMY OF RIVERVIE,1051,65,0.0618,0.9382,CHARTER,4/24/2020
PLANT CITY HIGH SCHOOL,2294,139,0.0606,0.9394,HIGH,4/24/2020
SIMMONS CAREER CENTER,220,13,0.0591,0.9409,ALTERNATIVE,4/24/2020
LOCKHART ELEMENTARY MAGNET,384,22,0.0573,0.9427,ELEMENTARY,4/24/2020
TURKEY CREEK MIDDLE SCHOOL,1087,60,0.0552,0.9448,MIDDLE,4/24/2020
PALM RIVER ELEMENTARY,537,29,0.054,0.946,ELEMENTARY,4/24/2020
WILLIS PETERS EXCEPTIONAL CTR,75,4,0.0533,0.9467,ALTERNATIVE,4/24/2020
BURNETT MIDDLE SCHOOL,770,41,0.0532,0.9468,MIDDLE,4/24/2020
TEMPLE TERRACE ELEMENTARY,594,31,0.0522,0.9478,ELEMENTARY,4/24/2020
PIERCE MIDDLE SCHOOL,922,48,0.0521,0.9479,MIDDLE,4/24/2020
THOMPSON ELEMENTARY,772,40,0.0518,0.9482,ELEMENTARY,4/24/2020
LOPEZ ELEMENTARY,583,30,0.0515,0.9485,ELEMENTARY,4/24/2020
YOUNG MIDDLE MAGNET,609,31,0.0509,0.9491,MIDDLE,4/24/2020
ROBINSON ELEMENTARY,690,34,0.0493,0.9507,ELEMENTARY,4/24/2020
BRYAN PLANT CITY ELEMENTARY,733,36,0.0491,0.9509,ELEMENTARY,4/24/2020
TAMPA BAY BOULEVARD ELEMENTARY,634,31,0.0489,0.9511,ELEMENTARY,4/24/2020
PIZZO K-8 SCHOOL,997,48,0.0481,0.9519,ALTERNATIVE,4/24/2020
MANGO ELEMENTARY,731,35,0.0479,0.9521,ELEMENTARY,4/24/2020
WEST SHORE ELEMENTARY,402,19,0.0473,0.9527,ELEMENTARY,4/24/2020
CLAIR MEL ELEMENTARY,558,26,0.0466,0.9534,ELEMENTARY,4/24/2020
JACKSON ELEMENTARY,547,25,0.0457,0.9543,ELEMENTARY,4/24/2020
LOPEZ EXCEPTIONAL CENTER,66,3,0.0455,0.9545,ALTERNATIVE,4/24/2020
REDDICK ELEMENTARY,932,42,0.0451,0.9549,ELEMENTARY,4/24/2020
HILLSBOROUGH HIGH SCHOOL,1798,80,0.0445,0.9555,HIGH,4/24/2020
EXCELSIOR PREP CHARTER SCHOOL,182,8,0.044,0.956,CHARTER,4/24/2020
LANIER ELEMENTARY,390,17,0.0436,0.9564,ELEMENTARY,4/24/2020
ARMWOOD HIGH SCHOOL,2164,93,0.043,0.957,HIGH,4/24/2020
FOLSOM ELEMENTARY,470,20,0.0426,0.9574,ELEMENTARY,4/24/2020
SCHMIDT ELEMENTARY,637,27,0.0424,0.9576,ELEMENTARY,4/24/2020
IPPOLITO ELEMENTARY,592,25,0.0422,0.9578,ELEMENTARY,4/24/2020
DUNBAR ELEMENTARY,238,10,0.042,0.958,ELEMENTARY,4/24/2020
ANDERSON ELEMENTARY,383,16,0.0418,0.9582,ELEMENTARY,4/24/2020
CHAMBERLAIN HIGH SCHOOL,1416,59,0.0417,0.9583,HIGH,4/24/2020
LOMAX ELEMENTARY MAGNET,350,14,0.04,0.96,ELEMENTARY,4/24/2020
VALRICO ELEMENTARY,803,32,0.0399,0.9601,ELEMENTARY,4/24/2020
WITTER ELEMENTARY,627,25,0.0399,0.9601,ELEMENTARY,4/24/2020
MADISON MIDDLE SCHOOL,682,27,0.0396,0.9604,MIDDLE,4/24/2020
MARSHALL MIDDLE SCHOOL,922,36,0.039,0.961,MIDDLE,4/24/2020
RIVERVIEW ELEMENTARY,600,23,0.0383,0.9617,ELEMENTARY,4/24/2020
POTTER ELEMENTARY,529,20,0.0378,0.9622,ELEMENTARY,4/24/2020
DOVER ELEMENTARY,658,24,0.0365,0.9635,ELEMENTARY,4/24/2020
BUCHANAN MIDDLE SCHOOL,751,27,0.036,0.964,MIDDLE,4/24/2020
NORTH TAMPA EPIC3 CENTER,113,4,0.0354,0.9646,ALTERNATIVE,4/24/2020
SEFFNER ELEMENTARY,452,16,0.0354,0.9646,ELEMENTARY,4/24/2020
FROST ELEMENTARY,548,19,0.0347,0.9653,ELEMENTARY,4/24/2020
SPRINGHEAD ELEMENTARY,829,28,0.0338,0.9662,ELEMENTARY,4/24/2020
TOWN AND COUNTRY ELEMENTARY,444,15,0.0338,0.9662,ELEMENTARY,4/24/2020
MULLER ELEMENTARY MAGNET,421,14,0.0333,0.9667,ELEMENTARY,4/24/2020
COLSON ELEMENTARY,697,23,0.033,0.967,ELEMENTARY,4/24/2020
CORR ELEMENTARY,761,25,0.0329,0.9671,ELEMENTARY,4/24/2020
PEPIN ACADEMIES,807,26,0.0322,0.9678,CHARTER,4/24/2020
CRESTWOOD ELEMENTARY,876,28,0.032,0.968,ELEMENTARY,4/24/2020
OAK GROVE ELEMENTARY,843,27,0.032,0.968,ELEMENTARY,4/24/2020
KNIGHTS ELEMENTARY,778,24,0.0308,0.9692,ELEMENTARY,4/24/2020
BLAKE HIGH SCHOOL,1663,51,0.0307,0.9693,HIGH,4/24/2020
RODGERS MIDDLE SCHOOL,867,26,0.03,0.97,MIDDLE,4/24/2020
BELLAMY ELEMENTARY,606,17,0.0281,0.9719,ELEMENTARY,4/24/2020
CANNELLA ELEMENTARY,645,18,0.0279,0.9721,ELEMENTARY,4/24/2020
COMMUNITY CHARTER SCHOOL OF EX,252,7,0.0278,0.9722,CHARTER,4/24/2020
DAVIS ELEMENTARY,692,19,0.0275,0.9725,ELEMENTARY,4/24/2020
WILSON ELEMENTARY,363,10,0.0275,0.9725,ELEMENTARY,4/24/2020
SUMMERFIELD ELEMENTARY,812,22,0.0271,0.9729,ELEMENTARY,4/24/2020
CHIARAMONTE ELEMENTARY,371,10,0.027,0.973,ELEMENTARY,4/24/2020
RUSKIN ELEMENTARY,780,21,0.0269,0.9731,ELEMENTARY,4/24/2020
AVANT GARDE ACADEMY,373,10,0.0268,0.9732,CHARTER,4/24/2020
WALDEN LAKE ELEMENTARY,828,22,0.0266,0.9734,ELEMENTARY,4/24/2020
DOWDELL MIDDLE SCHOOL,615,16,0.026,0.974,MIDDLE,4/24/2020
LAKE MAGDALENE ELEMENTARY,785,20,0.0255,0.9745,ELEMENTARY,4/24/2020
NELSON ELEMENTARY,777,19,0.0245,0.9755,ELEMENTARY,4/24/2020
WOODBRIDGE ELEMENTARY,657,15,0.0228,0.9772,ELEMENTARY,4/24/2020
SHEEHY ELEMENTARY,367,8,0.0218,0.9782,ELEMENTARY,4/24/2020
ROBINSON HIGH SCHOOL,1452,31,0.0213,0.9787,HIGH,4/24/2020
MANN MIDDLE SCHOOL,900,18,0.02,0.98,MIDDLE,4/24/2020
LIBERTY MIDDLE SCHOOL,1160,23,0.0198,0.9802,MIDDLE,4/24/2020
BALLAST POINT ELEMENTARY,508,10,0.0197,0.9803,ELEMENTARY,4/24/2020
RAMPELLO DOWNTOWN PARTNERSHIP,765,15,0.0196,0.9804,ALTERNATIVE,4/24/2020
FRANKLIN (BOYS) MIDDLE MAGNET,513,10,0.0195,0.9805,MIDDLE,4/24/2020
WARREN HOPE DAWSON ELEMENTARY,768,15,0.0195,0.9805,ELEMENTARY,4/24/2020
BURNEY ELEMENTARY,362,7,0.0193,0.9807,ELEMENTARY,4/24/2020
BUCKHORN ELEMENTARY,781,15,0.0192,0.9808,ELEMENTARY,4/24/2020
CYPRESS CREEK ELEMENTARY,992,19,0.0192,0.9808,ELEMENTARY,4/24/2020
BENITO MIDDLE SCHOOL,1109,21,0.0189,0.9811,MIDDLE,4/24/2020
SYMMES ELEMENTARY,478,9,0.0188,0.9812,ELEMENTARY,4/24/2020
WILLIAMS MIDDLE SCHOOL,807,15,0.0186,0.9814,MIDDLE,4/24/2020
FOCUS ACADEMY,108,2,0.0185,0.9815,CHARTER,4/24/2020
TWIN LAKES ELEMENTARY,658,12,0.0182,0.9818,ELEMENTARY,4/24/2020
LIMONA ELEMENTARY,610,11,0.018,0.982,ELEMENTARY,4/24/2020
ALONSO HIGH SCHOOL,2497,44,0.0176,0.9824,HIGH,4/24/2020
TAMPA HEIGHTS ELEM MAGNET,293,5,0.0171,0.9829,ELEMENTARY,4/24/2020
APOLLO BEACH ELEMENTARY,658,11,0.0167,0.9833,ELEMENTARY,4/24/2020
DOROTHY THOMAS EXCEPTIONAL CTR,60,1,0.0167,0.9833,ALTERNATIVE,4/24/2020
WATERS CAREER CENTER,121,2,0.0165,0.9835,ALTERNATIVE,4/24/2020
BROOKER ELEMENTARY,916,15,0.0164,0.9836,ELEMENTARY,4/24/2020
CITRUS PARK ELEMENTARY,610,10,0.0164,0.9836,ELEMENTARY,4/24/2020
HERITAGE ELEMENTARY,562,9,0.016,0.984,ELEMENTARY,4/24/2020
MONROE MIDDLE SCHOOL,379,6,0.0158,0.9842,MIDDLE,4/24/2020
ALEXANDER ELEMENTARY,586,9,0.0154,0.9846,ELEMENTARY,4/24/2020
CLAYWELL ELEMENTARY,730,10,0.0137,0.9863,ELEMENTARY,4/24/2020
BARRINGTON MIDDLE SCHOOL,1616,22,0.0136,0.9864,MIDDLE,4/24/2020
BT WASHINGTON ELEMENTARY,440,6,0.0136,0.9864,ELEMENTARY,4/24/2020
MANISCALCO K-8 SCHOOL,737,10,0.0136,0.9864,ALTERNATIVE,4/24/2020
WEST TAMPA ELEMENTARY,442,6,0.0136,0.9864,ELEMENTARY,4/24/2020
CORK ELEMENTARY,690,9,0.013,0.987,ELEMENTARY,4/24/2020
LAVOY EXCEPTIONAL CENTER,77,1,0.013,0.987,ALTERNATIVE,4/24/2020
MITCHELL ELEMENTARY,770,10,0.013,0.987,ELEMENTARY,4/24/2020
NORTHWEST ELEMENTARY,705,9,0.0128,0.9872,ELEMENTARY,4/24/2020
CLARK ELEMENTARY,866,11,0.0127,0.9873,ELEMENTARY,4/24/2020
JENNINGS MIDDLE SCHOOL,721,9,0.0125,0.9875,MIDDLE,4/24/2020
COLLINS ELEMENTARY,1017,12,0.0118,0.9882,ELEMENTARY,4/24/2020
TAMPA PALMS ELEMENTARY,884,10,0.0113,0.9887,ELEMENTARY,4/24/2020
HAMMOND ELEMENTARY,735,8,0.0109,0.9891,ELEMENTARY,4/24/2020
TOMLIN MIDDLE SCHOOL,1669,18,0.0108,0.9892,MIDDLE,4/24/2020
EGYPT LAKE ELEMENTARY,485,5,0.0103,0.9897,ELEMENTARY,4/24/2020
CAMINITI EXCEPTIONAL CENTER,99,1,0.0101,0.9899,ALTERNATIVE,4/24/2020
BLOOMINGDALE HIGH SCHOOL,2368,23,0.0097,0.9903,HIGH,4/24/2020
LOWRY ELEMENTARY,925,9,0.0097,0.9903,ELEMENTARY,4/24/2020
CHILES ELEMENTARY,952,9,0.0095,0.9905,ELEMENTARY,4/24/2020
BRANDON HIGH SCHOOL,1733,16,0.0092,0.9908,HIGH,4/24/2020
RIVERVIEW HIGH SCHOOL,2526,22,0.0087,0.9913,HIGH,4/24/2020
CIMINO ELEMENTARY,836,7,0.0084,0.9916,ELEMENTARY,4/24/2020
MORGAN WOODS ELEMENTARY,478,4,0.0084,0.9916,ELEMENTARY,4/24/2020
STEWART MIDDLE SCHOOL,953,8,0.0084,0.9916,MIDDLE,4/24/2020
CARROLLWOOD ELEMENTARY,757,6,0.0079,0.9921,ELEMENTARY,4/24/2020
LITHIA SPRINGS ELEMENTARY,640,5,0.0078,0.9922,ELEMENTARY,4/24/2020
MULRENNAN MIDDLE SCHOOL,1359,10,0.0074,0.9926,MIDDLE,4/24/2020
PRIDE ELEMENTARY,808,6,0.0074,0.9926,ELEMENTARY,4/24/2020
SHORE ELEMENTARY,423,3,0.0071,0.9929,ELEMENTARY,4/24/2020
KIMBELL ELEMENTARY,430,3,0.007,0.993,ELEMENTARY,4/24/2020
NAVIGATOR ACADEMY OF LEADERSHI,455,3,0.0066,0.9934,CHARTER,4/24/2020
ALAFIA ELEMENTARY,617,4,0.0065,0.9935,ELEMENTARY,4/24/2020
LEWIS ELEMENTARY,789,5,0.0063,0.9937,ELEMENTARY,4/24/2020
ROOSEVELT ELEMENTARY,789,5,0.0063,0.9937,ELEMENTARY,4/24/2020
BOYETTE SPRINGS ELEMENTARY,811,5,0.0062,0.9938,ELEMENTARY,4/24/2020
PLATO ACADEMY TAMPA CHARTER SC,166,1,0.006,0.994,CHARTER,4/24/2020
COLEMAN MIDDLE SCHOOL,1030,6,0.0058,0.9942,MIDDLE,4/24/2020
MCDONALD ELEMENTARY,530,3,0.0057,0.9943,ELEMENTARY,4/24/2020
HUNTER'S GREEN ELEMENTARY,736,4,0.0054,0.9946,ELEMENTARY,4/24/2020
PROGRESS VILLAGE MIDDLE SCHOOL,927,5,0.0054,0.9946,MIDDLE,4/24/2020
LEARNING GATE COMMUNITY,777,4,0.0051,0.9949,CHARTER,4/24/2020
MINTZ ELEMENTARY,785,4,0.0051,0.9949,ELEMENTARY,4/24/2020
PINECREST ELEMENTARY,590,3,0.0051,0.9949,ELEMENTARY,4/24/2020
DAVIDSEN MIDDLE SCHOOL,1067,5,0.0047,0.9953,MIDDLE,4/24/2020
FREEDOM HIGH SCHOOL,1746,8,0.0046,0.9954,HIGH,4/24/2020
LINCOLN ELEMENTARY MAGNET,486,2,0.0041,0.9959,ELEMENTARY,4/24/2020
RANDALL MIDDLE SCHOOL,1473,6,0.0041,0.9959,MIDDLE,4/24/2020
MARTINEZ MIDDLE SCHOOL,1237,5,0.004,0.996,MIDDLE,4/24/2020
LUTZ K-8 SCHOOL,762,3,0.0039,0.9961,ALTERNATIVE,4/24/2020
MENDENHALL ELEMENTARY,536,2,0.0037,0.9963,ELEMENTARY,4/24/2020
KING HIGH SCHOOL,1717,6,0.0035,0.9965,HIGH,4/24/2020
GAITHER HIGH SCHOOL,2054,7,0.0034,0.9966,HIGH,4/24/2020
BAY CREST ELEMENTARY,607,2,0.0033,0.9967,ELEMENTARY,4/24/2020
SCHWARZKOPF ELEMENTARY,621,2,0.0032,0.9968,ELEMENTARY,4/24/2020
WESTCHASE ELEMENTARY,959,3,0.0031,0.9969,ELEMENTARY,4/24/2020
SMITH MIDDLE SCHOOL,778,2,0.0026,0.9974,MIDDLE,4/24/2020
STOWERS ELEMENTARY,900,2,0.0022,0.9978,ELEMENTARY,4/24/2020
DEER PARK ELEMENTARY,986,2,0.002,0.998,ELEMENTARY,4/24/2020
STEINBRENNER HIGH SCHOOL,2509,5,0.002,0.998,HIGH,4/24/2020
FISHHAWK CREEK ELEMENTARY,1141,2,0.0018,0.9982,ELEMENTARY,4/24/2020
GORRIE ELEMENTARY,567,1,0.0018,0.9982,ELEMENTARY,4/24/2020
TINKER K-8 SCHOOL,543,1,0.0018,0.9982,ALTERNATIVE,4/24/2020
BURNS MIDDLE SCHOOL,1383,2,0.0014,0.9986,MIDDLE,4/24/2020
MABRY ELEMENTARY,872,1,0.0011,0.9989,ELEMENTARY,4/24/2020
TURNER BARTELS K-8,1762,2,0.0011,0.9989,ALTERNATIVE,4/24/2020
BRYANT ELEMENTARY,961,1,0.001,0.999,ELEMENTARY,4/24/2020
TAMPA BAY TECH HIGH SCHOOL,2044,2,0.001,0.999,HIGH,4/24/2020
WALKER MIDDLE MAGNET,978,1,0.001,0.999,MIDDLE,4/24/2020
LENNARD HIGH SCHOOL,3193,3,0.0009,0.9991,HIGH,4/24/2020
STRAWBERRY CREST HIGH SCHOOL,2244,1,0.0004,0.9996,HIGH,4/24/2020
ACTS,15,0,0,1,ALTERNATIVE,4/24/2020
ADAMS MIDDLE SCHOOL,773,0,0,1,MIDDLE,4/24/2020
ADVANTAGE ACADEMY OF HILLSBORO,447,0,0,1,CHARTER,4/24/2020
AMI KIDS YES,31,0,0,1,ALTERNATIVE,4/24/2020
BAILEY ELEMENTARY,759,0,0,1,ELEMENTARY,4/24/2020
BELL CREEK ACADEMY,564,0,0,1,CHARTER,4/24/2020
BELL CREEK ACADEMY HIGH SCHOOL,527,0,0,1,CHARTER,4/24/2020
BEVIS ELEMENTARY,890,0,0,1,ELEMENTARY,4/24/2020
BRANDON EPIC3 CENTER,112,0,0,1,ALTERNATIVE,4/24/2020
BRIDGEPREP ACADEMY OF TAMPA,342,0,0,1,CHARTER,4/24/2020
BROOKS DEBARTOLO COLLEGIATE,611,0,0,1,CHARTER,4/24/2020
BROWARD ELEMENTARY,329,0,0,1,ELEMENTARY,4/24/2020
CARVER EXCEPTIONAL CENTER,47,0,0,1,ALTERNATIVE,4/24/2020
CHANNELSIDE ACAD MATH AND SCI,521,0,0,1,CHARTER,4/24/2020
COLUMBUS JUVENILE RESIDENTIAL,35,0,0,1,ALTERNATIVE,4/24/2020
CREEKSIDE CHARTER ACADEMY,646,0,0,1,CHARTER,4/24/2020
DETENTION CENTER WEST,25,0,0,1,ALTERNATIVE,4/24/2020
DOBY ELEMENTARY,870,0,0,1,ELEMENTARY,4/24/2020
DR KIRAN C PATEL HIGH SCHOOL,241,0,0,1,CHARTER,4/24/2020
EARLY CHILDHOOD PROGRAMS,1,0,0,1,ALTERNATIVE,4/24/2020
EAST TAMPA ACADEMY,61,0,0,1,CHARTER,4/24/2020
EISENHOWER MIDDLE SCHOOL,1451,0,0,1,MIDDLE,4/24/2020
ENCORE,37,0,0,1,ALTERNATIVE,4/24/2020
ESE BIRTH THROUGH AGE 5,400,0,0,1,ALTERNATIVE,4/24/2020
ESE HOSPITAL/HOMEBOUND,157,0,0,1,ALTERNATIVE,4/24/2020
ESSRIG ELEMENTARY,629,0,0,1,ELEMENTARY,4/24/2020
FALKENBURG ROAD JAIL,9,0,0,1,ALTERNATIVE,4/24/2020
FARNELL MIDDLE SCHOOL,1276,0,0,1,MIDDLE,4/24/2020
FERRELL (GIRLS) MIDDLE MAGNET,572,0,0,1,MIDDLE,4/24/2020
FLORIDA AUTISM CHARTER SCHOOL,131,0,0,1,CHARTER,4/24/2020
FLORIDA CONNECTIONS ACADEMY,2189,0,0,1,CHARTER,4/24/2020
GRADY ELEMENTARY,538,0,0,1,ELEMENTARY,4/24/2020
GRECO MIDDLE SCHOOL,865,0,0,1,MIDDLE,4/24/2020
HENDERSON HAMMOCK CHARTER SCH,1111,0,0,1,CHARTER,4/24/2020
HILL MIDDLE SCHOOL,1079,0,0,1,MIDDLE,4/24/2020
HILLSBOROUGH ACAD MATH SCIENCE,844,0,0,1,CHARTER,4/24/2020
HILLSBOROUGH GIRLS ACADEMY,17,0,0,1,ALTERNATIVE,4/24/2020
HORIZON CHARTER SCH.OF TAMPA,307,0,0,1,CHARTER,4/24/2020
INDEPENDENCE ACADEMY,942,0,0,1,CHARTER,4/24/2020
JEFFERSON HIGH SCHOOL,1615,0,0,1,HIGH,4/24/2020
KID'S COMMU COLLEGE CHARTER HS,213,0,0,1,CHARTER,4/24/2020
KIDS COMM COLLEGE SOUTHEAST MI,207,0,0,1,CHARTER,4/24/2020
KIDS COMMU COLLEGE RIVERVIEW S,571,0,0,1,CHARTER,4/24/2020
KIDS COMMU COLLEGE SOUTHEAST,374,0,0,1,CHARTER,4/24/2020
LAKE ACADEMY,24,0,0,1,ALTERNATIVE,4/24/2020
LAMB ELEMENTARY,677,0,0,1,ELEMENTARY,4/24/2020
LEGACY PREPARATORY ACADEMY,216,0,0,1,CHARTER,4/24/2020
LES PETERS ACADEMY,11,0,0,1,ALTERNATIVE,4/24/2020
LETO HIGH SCHOOL,2029,0,0,1,HIGH,4/24/2020
LITERACY LEADERSHIP TECH ACAD,628,0,0,1,CHARTER,4/24/2020
LUTZ PREPARATORY SCHOOL,782,0,0,1,CHARTER,4/24/2020
MACFARLANE PARK ELEM MAGNET,358,0,0,1,ELEMENTARY,4/24/2020
MCKITRICK ELEMENTARY,1048,0,0,1,ELEMENTARY,4/24/2020
MCLANE MIDDLE SCHOOL,716,0,0,1,MIDDLE,4/24/2020
MENDEZ EXCEPTIONAL CENTER,14,0,0,1,ALTERNATIVE,4/24/2020
MIDDLETON HIGH SCHOOL,1515,0,0,1,HIGH,4/24/2020
NEW SPRINGS SCHOOL,426,0,0,1,CHARTER,4/24/2020
NEWSOME HIGH SCHOOL,2994,0,0,1,HIGH,4/24/2020
ORANGE GROVE MIDDLE MAGNET,497,0,0,1,MIDDLE,4/24/2020
PACE CENTER FOR GIRLS,58,0,0,1,ALTERNATIVE,4/24/2020
PLANT HIGH SCHOOL,2515,0,0,1,HIGH,4/24/2020
RCMA LEADERSHIP ACADEMY,117,0,0,1,CHARTER,4/24/2020
RCMA WIMAUMA ACADEMY,226,0,0,1,CHARTER,4/24/2020
RIVERHILLS ELEMENTARY MAGNET,509,0,0,1,ELEMENTARY,4/24/2020
RIVERVIEW ACADEMY OF MATH SCIE,617,0,0,1,CHARTER,4/24/2020
ROBLES ELEMENTARY,762,0,0,1,ELEMENTARY,4/24/2020
ROLAND PARK K-8 MAGNET,803,0,0,1,ALTERNATIVE,4/24/2020
SEMINOLE ELEMENTARY,426,0,0,1,ELEMENTARY,4/24/2020
SEMINOLE HEIGHTS CHARTER SCH,231,0,0,1,CHARTER,4/24/2020
SESSUMS ELEMENTARY,1019,0,0,1,ELEMENTARY,4/24/2020
SHAW ELEMENTARY,737,0,0,1,ELEMENTARY,4/24/2020
SICKLES HIGH SCHOOL,2414,0,0,1,HIGH,4/24/2020
SLIGH MIDDLE SCHOOL,556,0,0,1,MIDDLE,4/24/2020
SOUTH COUNTY CAREER CENTER,225,0,0,1,ALTERNATIVE,4/24/2020
SOUTHSHORE CHARTER ACADEMY,1089,0,0,1,CHARTER,4/24/2020
SPOTO HIGH SCHOOL,1640,0,0,1,HIGH,4/24/2020
SULLIVAN PARTNERSHIP ELEM,98,0,0,1,ELEMENTARY,4/24/2020
SUMMERFIELD CROSSINGS ELEM,1022,0,0,1,ELEMENTARY,4/24/2020
SUNLAKE ACAD OF MATH & SCIENCE,705,0,0,1,CHARTER,4/24/2020
TAMPA RESIDENTIAL FACILITY,41,0,0,1,ALTERNATIVE,4/24/2020
TERRACE COMMUNITY SCHOOL,657,0,0,1,CHARTER,4/24/2020
THE COLLABORATORY PREP ACADEMY,106,0,0,1,CHARTER,4/24/2020
THONOTOSASSA ELEMENTARY,438,0,0,1,ELEMENTARY,4/24/2020
TITLE ONE PRIVATE SCHOOL,2,0,0,1,ALTERNATIVE,4/24/2020
TRINITY SCHOOL FOR CHILDREN,890,0,0,1,CHARTER,4/24/2020
VALRICO LAKE ADVANTAGE ACAD,919,0,0,1,CHARTER,4/24/2020
VILLAGE OF EXCELLENCE,237,0,0,1,CHARTER,4/24/2020
VILLAGE OF EXCELLENCE MS,102,0,0,1,CHARTER,4/24/2020
VIRT FULL-TIME-K-12 FRANCHISE,323,0,0,1,ALTERNATIVE,4/24/2020
WALTON ACADEMY,180,0,0,1,CHARTER,4/24/2020
WATERSET CHARTER SCHOOL,1135,0,0,1,CHARTER,4/24/2020
WEBB MIDDLE SCHOOL,785,0,0,1,MIDDLE,4/24/2020
WEST UNIVERSITY CHARTER H.S.,276,0,0,1,CHARTER,4/24/2020
WHARTON HIGH SCHOOL,2188,0,0,1,HIGH,4/24/2020
WILSON MIDDLE SCHOOL,657,0,0,1,MIDDLE,4/24/2020
WINTHROP CHARTER SCHOOL,1320,0,0,1,CHARTER,4/24/2020
WOODMONT CHARTER SCHOOL,732,0,0,1,CHARTER,4/24/2020
YATES ELEMENTARY,706,0,0,1,ELEMENTARY,4/24/2020